"","st_cd_fips","district","state","year","male","female","20_29","30_44","45_64","65+","white","black","native american","asian","pacific islander","other","mixed","hispanic or latino"
"1","0101","1","Alabama",2020,0.473011767,0.526988233,0.178486194,0.24651104,0.352337564,0.222665202,0.649583764,0.272883161,0.009682535,0.013996772,0.000176377,0.003337164,0.018082838,0.032257387
"2","0102","2","Alabama",2020,0.474621816,0.525378184,0.19447209,0.253211812,0.344179093,0.208137004,0.609700167,0.310398864,0.003595109,0.013128555,0.000172318,0.001758525,0.021162689,0.040083773
"3","0103","3","Alabama",2020,0.477431171,0.522568829,0.204743562,0.242449602,0.349322488,0.203484348,0.66977477,0.25525789,0.002457233,0.019130815,0.00069666,0.002106801,0.019121003,0.031454828
"4","0104","4","Alabama",2020,0.482939805,0.517060195,0.169694222,0.243422689,0.364385837,0.222497252,0.832306149,0.068697283,0.006340527,0.00569484,0.000413007,0.000801291,0.018886336,0.066860567
"5","0105","5","Alabama",2020,0.48338362,0.51661638,0.184907048,0.252749561,0.365279007,0.197064384,0.71967178,0.176535597,0.005474908,0.017172926,0.000790759,0.001683109,0.025933055,0.052737866
"6","0106","6","Alabama",2020,0.474058924,0.525941076,0.166102496,0.276598472,0.359092894,0.198206138,0.747976252,0.161641425,0.00145885,0.016754885,0.000200539,0.002883806,0.01990843,0.049175813
"7","0107","7","Alabama",2020,0.458940727,0.541059273,0.235039013,0.241453549,0.329232334,0.194275104,0.31727263,0.626420285,0.0012155,0.009764767,0.000218941,0.001327235,0.012013064,0.031767578
"8","0200","AL","Alaska",2020,0.523743452,0.476256548,0.225248098,0.280319189,0.33970595,0.154726763,0.596994532,0.030828098,0.140901505,0.062219297,0.013983908,0.004006839,0.079071629,0.071994193
"9","0401","1","Arizona",2020,0.505876599,0.494123401,0.196050648,0.25638681,0.302487017,0.245075525,0.480591763,0.024040528,0.218684782,0.014109197,0.002154313,0.002349807,0.024884646,0.233184965
"10","0402","2","Arizona",2020,0.487428108,0.512571892,0.201468803,0.236708555,0.305163863,0.256658779,0.595084985,0.037087067,0.009450168,0.031204931,0.002240424,0.001777876,0.032416561,0.290737989
"11","0403","3","Arizona",2020,0.502901485,0.497098515,0.255714083,0.28006002,0.303759251,0.160466646,0.258879607,0.041682626,0.030183043,0.016318724,0.001902293,0.001519272,0.013887377,0.635627058
"12","0404","4","Arizona",2020,0.50205113,0.49794887,0.140985491,0.207018361,0.309519371,0.342476776,0.725820774,0.017289306,0.014441829,0.012430614,0.001225449,0.000815324,0.023564346,0.204412357
"13","0405","5","Arizona",2020,0.48101081,0.51898919,0.167627929,0.270485793,0.343922562,0.217963716,0.693221027,0.034753307,0.008436018,0.04726901,0.001326254,0.002280871,0.028791696,0.183921816
"14","0406","6","Arizona",2020,0.485019011,0.514980989,0.162857413,0.257210275,0.348103641,0.23182867,0.695488265,0.028493602,0.016831946,0.051671917,0.001250437,0.003554264,0.028642316,0.174067253
"15","0407","7","Arizona",2020,0.499040692,0.500959308,0.254189106,0.319446203,0.319395568,0.106969124,0.199883004,0.093374379,0.018218978,0.023535768,0.001509586,0.002018422,0.020624164,0.640835699
"16","0408","8","Arizona",2020,0.467998988,0.532001012,0.147623728,0.242660583,0.333387153,0.276328536,0.668657502,0.041894378,0.00679878,0.039612817,0.001707139,0.004260403,0.028701272,0.20836771
"17","0409","9","Arizona",2020,0.502792764,0.497207236,0.272526776,0.302612577,0.286863928,0.13799672,0.548834285,0.063455023,0.025107323,0.05486163,0.003510439,0.003268513,0.034082504,0.266880283
"18","0501","1","Arkansas",2020,0.489861521,0.510138479,0.180831511,0.253957042,0.341798062,0.223413386,0.749327615,0.171654823,0.003052954,0.005459531,0.000610313,0.000987598,0.032761349,0.036145815
"19","0502","2","Arkansas",2020,0.47376661,0.52623339,0.198333606,0.266704787,0.337979534,0.196982074,0.671705809,0.227621086,0.002866445,0.015706656,0.000568324,0.00210476,0.026358491,0.053068429
"20","0503","3","Arkansas",2020,0.490010321,0.509989679,0.209540537,0.282686252,0.324656792,0.18311642,0.731848441,0.027151967,0.008458648,0.030399484,0.010223708,0.004784788,0.041229817,0.145903147
"21","0504","4","Arkansas",2020,0.480844926,0.519155074,0.172717298,0.232244772,0.353127146,0.241910784,0.709561177,0.191911881,0.006490309,0.00635122,0.001405074,0.00102613,0.021978771,0.061275439
"22","0601","1","California",2020,0.498293403,0.501706597,0.185729284,0.22899735,0.325503454,0.259769912,0.755462879,0.014745586,0.013618517,0.028879375,0.001797065,0.001496135,0.040104644,0.143895799
"23","0602","2","California",2020,0.490321105,0.509678895,0.146527561,0.235927484,0.362441453,0.255103503,0.699839394,0.013498168,0.017098146,0.037280987,0.001831494,0.005875344,0.04570614,0.178870327
"24","0603","3","California",2020,0.49675955,0.50324045,0.228441411,0.264413373,0.320841132,0.186304085,0.461183694,0.061374867,0.007077957,0.113733271,0.005436652,0.003020214,0.047360861,0.300812486
"25","0604","4","California",2020,0.491912932,0.508087068,0.139835792,0.237470752,0.358889216,0.26380424,0.743946057,0.013437808,0.006451054,0.056949442,0.001655073,0.002061512,0.037961408,0.137537646
"26","0605","5","California",2020,0.482083252,0.517916748,0.177083795,0.267894861,0.343078389,0.211942955,0.48771697,0.059117167,0.003707668,0.111144522,0.004166989,0.00585806,0.042131964,0.28615666
"27","0606","6","California",2020,0.48087711,0.51912289,0.221072123,0.312145172,0.309452828,0.157329877,0.357344008,0.118522745,0.003241408,0.164844656,0.012578287,0.004797337,0.053808426,0.284863133
"28","0607","7","California",2020,0.479064528,0.520935472,0.182633783,0.281858795,0.352914118,0.182593304,0.50711437,0.06964028,0.003075066,0.168783617,0.009466586,0.002055729,0.05688479,0.182979561
"29","0608","8","California",2020,0.495921315,0.504078685,0.212272816,0.276969526,0.33002186,0.180735798,0.416216639,0.07397323,0.007354,0.03352349,0.003664661,0.001930356,0.03619144,0.427146185
"30","0609","9","California",2020,0.486363936,0.513636064,0.203372684,0.281973366,0.34465835,0.1699956,0.326159316,0.087294835,0.002169608,0.14546303,0.004237376,0.003583786,0.042810771,0.388281278
"31","0610","10","California",2020,0.491626949,0.508373051,0.208569217,0.288836534,0.339581642,0.163012607,0.400115952,0.032919403,0.003672679,0.075397543,0.006799936,0.001862092,0.031955341,0.447277054
"32","0611","11","California",2020,0.482689747,0.517310253,0.171591236,0.273178879,0.35591954,0.199310345,0.438446686,0.073671154,0.001630969,0.150080759,0.004354952,0.003634168,0.052389633,0.275791678
"33","0612","12","California",2020,0.513970841,0.486029159,0.196063016,0.344822657,0.299332916,0.159781411,0.421298363,0.05015862,0.002028079,0.320030585,0.00361362,0.005264626,0.05160014,0.146005968
"34","0613","13","California",2020,0.48064265,0.51935735,0.207462505,0.321892216,0.305371822,0.165273457,0.34312982,0.158403401,0.003042782,0.210873311,0.006048761,0.005442833,0.05440073,0.218658363
"35","0614","14","California",2020,0.491493797,0.508506203,0.181558702,0.295060071,0.337515229,0.185865998,0.331703464,0.026285139,0.001250085,0.347650387,0.012624925,0.00602629,0.043031209,0.231428499
"36","0615","15","California",2020,0.488422803,0.511577197,0.165387417,0.302762557,0.367108275,0.16474175,0.30836991,0.054466112,0.002576957,0.360233702,0.0092286,0.002598516,0.041947834,0.22057837
"37","0616","16","California",2020,0.493646638,0.506353362,0.24570205,0.30136312,0.307729542,0.145205288,0.216879413,0.052547529,0.004713471,0.08896252,0.001827811,0.001569799,0.018479087,0.615020369
"38","0617","17","California",2020,0.513497858,0.486502142,0.208270709,0.336582758,0.317862161,0.137284372,0.212502398,0.022842231,0.00205983,0.564438574,0.004235526,0.002568351,0.034297463,0.157055627
"39","0618","18","California",2020,0.49265757,0.50734243,0.168573624,0.276167697,0.364185826,0.191072852,0.516069455,0.020845226,0.00201884,0.247246762,0.002820734,0.003708594,0.044619987,0.162670403
"40","0619","19","California",2020,0.501440203,0.498559797,0.203423413,0.298670192,0.338901085,0.159005309,0.246658763,0.025548345,0.001411001,0.294622241,0.003605305,0.002906398,0.032926429,0.392321518
"41","0620","20","California",2020,0.501056927,0.498943073,0.216662343,0.28167007,0.326741943,0.174925645,0.361993892,0.018224635,0.001513403,0.051416356,0.002669834,0.001818799,0.02772718,0.534635901
"42","0621","21","California",2020,0.537037544,0.462962456,0.256394378,0.322905317,0.302030994,0.118669311,0.161120971,0.035615255,0.003902734,0.032117654,0.000860732,0.001263062,0.014241336,0.750878255
"43","0622","22","California",2020,0.482685871,0.517314129,0.215214485,0.298848682,0.315940086,0.169996746,0.365038039,0.026565228,0.003855908,0.085373015,0.001158851,0.002710048,0.024286501,0.49101241
"44","0623","23","California",2020,0.503467143,0.496532857,0.214213651,0.287919379,0.329533303,0.168333667,0.437083552,0.058865752,0.006427916,0.051185402,0.001400802,0.003191903,0.030780212,0.411064462
"45","0624","24","California",2020,0.502277811,0.497722189,0.2454777,0.242601517,0.303674279,0.208246505,0.535207804,0.0169667,0.003948209,0.046180183,0.000832846,0.002156162,0.028262435,0.366445661
"46","0625","25","California",2020,0.492599495,0.507400505,0.198788341,0.267231038,0.382699753,0.151280868,0.39277295,0.078053552,0.003864748,0.0842166,0.001681855,0.002971043,0.032726505,0.403712748
"47","0626","26","California",2020,0.490786119,0.509213881,0.194916608,0.262151391,0.348061025,0.194870976,0.427843158,0.01768659,0.002047717,0.06298906,0.001989724,0.001996628,0.027893419,0.457553703
"48","0627","27","California",2020,0.475691946,0.524308054,0.17465828,0.264308715,0.350862839,0.210170166,0.252867863,0.041160942,0.002090572,0.39404468,0.002000655,0.002205778,0.029695111,0.2759344
"49","0628","28","California",2020,0.494703718,0.505296282,0.178932105,0.321914318,0.329656951,0.169496626,0.550105098,0.028298509,0.00194891,0.130297546,0.001100825,0.004876487,0.037932134,0.245440492
"50","0629","29","California",2020,0.492372202,0.507627798,0.225935773,0.310702101,0.330674639,0.132687487,0.191199041,0.035279877,0.001306921,0.076429017,0.001079083,0.003926354,0.014383119,0.676396588
"51","0630","30","California",2020,0.484504158,0.515495842,0.188155321,0.283856452,0.351007713,0.176980515,0.488758065,0.050020628,0.001180775,0.127274091,0.001140683,0.004820097,0.037996899,0.288808762
"52","0631","31","California",2020,0.485064846,0.514935154,0.238784321,0.300042865,0.322833983,0.138338832,0.249935886,0.095721144,0.002123416,0.076983793,0.002067606,0.00339906,0.027591119,0.542177976
"53","0632","32","California",2020,0.485794615,0.514205385,0.220175472,0.276530573,0.337241698,0.166052257,0.14454726,0.027416744,0.002636769,0.192594425,0.003658959,0.002041552,0.015093913,0.612010377
"54","0633","33","California",2020,0.480139954,0.519860046,0.163227915,0.26523688,0.357855094,0.213680111,0.624176977,0.032136671,0.001636172,0.151843796,0.001015555,0.005034049,0.049811558,0.134345221
"55","0634","34","California",2020,0.509826571,0.490173429,0.243781146,0.335130195,0.296006517,0.125082142,0.120765752,0.048428553,0.00235928,0.193499114,0.001358662,0.003143438,0.019154689,0.611290511
"56","0635","35","California",2020,0.495208638,0.504791362,0.247144812,0.307472458,0.319922109,0.125460622,0.134618828,0.060265561,0.002617395,0.073466105,0.002515853,0.001857162,0.019723323,0.704935774
"57","0636","36","California",2020,0.496068298,0.503931702,0.157789898,0.233595424,0.331746321,0.276868357,0.397755971,0.044954706,0.006614023,0.034581663,0.001268008,0.002060843,0.019689854,0.493074932
"58","0637","37","California",2020,0.477627564,0.522372436,0.247779141,0.309765933,0.297065398,0.145389527,0.254156649,0.212568854,0.00136092,0.102695859,0.001202833,0.006447187,0.034959152,0.386608546
"59","0638","38","California",2020,0.482700171,0.517299829,0.205997799,0.276522275,0.3359072,0.181572725,0.161232699,0.037010143,0.002467154,0.157825677,0.003012108,0.004788515,0.018250996,0.615412707
"60","0639","39","California",2020,0.484661293,0.515338707,0.200997618,0.246698183,0.362008636,0.190295563,0.288896593,0.022296623,0.001882165,0.321472101,0.001901273,0.002894903,0.027762954,0.332893388
"61","0640","40","California",2020,0.495272825,0.504727175,0.249860303,0.306901851,0.324417382,0.118820465,0.043652822,0.043501769,0.001259243,0.022618379,0.001262067,0.00191004,0.005958818,0.879836863
"62","0641","41","California",2020,0.492800866,0.507199134,0.25654849,0.306754207,0.313118953,0.123578351,0.210835228,0.084622482,0.002017176,0.062220117,0.00209526,0.002418008,0.021694402,0.614097327
"63","0642","42","California",2020,0.493800729,0.506199271,0.201152688,0.290738451,0.350211558,0.157897303,0.400260178,0.055455524,0.00276226,0.093448752,0.004409646,0.003359209,0.03634341,0.403961022
"64","0643","43","California",2020,0.476140499,0.523859501,0.207535129,0.301730112,0.338176394,0.152558365,0.142790402,0.207782447,0.001767051,0.131657703,0.004090601,0.005420698,0.026261188,0.480229909
"65","0644","44","California",2020,0.482203579,0.517796421,0.229027237,0.304916869,0.329515662,0.136540232,0.062713815,0.146028298,0.001712625,0.057543627,0.0052306,0.002386997,0.014598756,0.709785283
"66","0645","45","California",2020,0.480078963,0.519921037,0.186943243,0.270060869,0.35888095,0.184114938,0.485601845,0.014877134,0.00161024,0.258550324,0.001978587,0.002412163,0.045096953,0.189872754
"67","0646","46","California",2020,0.501060181,0.498939819,0.245989787,0.310018023,0.319348904,0.124643286,0.169238334,0.016809324,0.001739557,0.135941573,0.003125723,0.001487527,0.015490274,0.656167688
"68","0647","47","California",2020,0.489692179,0.510307821,0.203915221,0.27923869,0.354724414,0.162121675,0.312221911,0.068230187,0.001904282,0.22844901,0.003800112,0.002916988,0.029100861,0.353376649
"69","0648","48","California",2020,0.488046072,0.511953928,0.170517655,0.253577035,0.362899879,0.213005431,0.541215067,0.012395467,0.001626454,0.188495197,0.003307031,0.004109156,0.038643548,0.210208081
"70","0649","49","California",2020,0.496385437,0.503614563,0.219098815,0.254060103,0.343569515,0.183271566,0.582216374,0.024400307,0.002741108,0.072211263,0.003536609,0.001678642,0.04250537,0.270710328
"71","0650","50","California",2020,0.489457179,0.510542821,0.190595467,0.27079377,0.351274514,0.187336249,0.540393621,0.023362483,0.008099956,0.052835318,0.003151318,0.001702513,0.040726779,0.329728012
"72","0651","51","California",2020,0.509740634,0.490259366,0.254769368,0.305625313,0.296993527,0.142611792,0.134095667,0.062859891,0.002919198,0.07607575,0.004121381,0.00187459,0.018188956,0.699864568
"73","0652","52","California",2020,0.506035554,0.493964446,0.230495223,0.296233606,0.303217019,0.170054152,0.561458004,0.028810355,0.002364191,0.203405623,0.003532091,0.003090741,0.046701811,0.150637183
"74","0653","53","California",2020,0.496488785,0.503511215,0.228768588,0.314222204,0.304762481,0.152246726,0.39718801,0.076698428,0.001854202,0.13477942,0.003354727,0.002644773,0.043858509,0.33962193
"75","0801","1","Colorado",2020,0.499283761,0.500716239,0.218858803,0.354350912,0.288256239,0.138534047,0.578330654,0.077918012,0.003758828,0.033254362,0.001165592,0.00211775,0.031184043,0.272270759
"76","0802","2","Colorado",2020,0.504456429,0.495543571,0.228603639,0.257611249,0.330967964,0.182817148,0.817419751,0.008644546,0.003960147,0.032175426,0.000609253,0.001855898,0.026985762,0.108349217
"77","0803","3","Colorado",2020,0.499353065,0.500646935,0.168501439,0.257134254,0.33933486,0.235029447,0.699413182,0.008035183,0.013580309,0.008205352,0.000620852,0.002273356,0.019231792,0.248639975
"78","0804","4","Colorado",2020,0.503817825,0.496182175,0.177640868,0.294342398,0.354039744,0.17397699,0.70869547,0.013377922,0.003804007,0.023715028,0.001323341,0.001890657,0.023492879,0.223700696
"79","0805","5","Colorado",2020,0.508638283,0.491361717,0.229273412,0.281159959,0.319973012,0.169593617,0.702326791,0.055398371,0.00372395,0.023539009,0.002727035,0.002193458,0.044029358,0.166062028
"80","0806","6","Colorado",2020,0.490533446,0.509466554,0.186046826,0.310742673,0.350164242,0.153046258,0.598120673,0.092669996,0.003635804,0.064136021,0.002000237,0.003234787,0.033198369,0.203004112
"81","0807","7","Colorado",2020,0.496971838,0.503028162,0.200716101,0.314661964,0.323237741,0.161384193,0.624790834,0.015944879,0.004395778,0.032403665,0.001095498,0.001456485,0.023728678,0.296184184
"82","0901","1","Connecticut",2020,0.473611333,0.526388667,0.177194772,0.257703657,0.359856842,0.205244729,0.598137049,0.141644925,0.001236796,0.05478148,0.000297564,0.003638466,0.025606058,0.17465766
"83","0902","2","Connecticut",2020,0.496078575,0.503921425,0.196554638,0.225771571,0.36759751,0.210076281,0.80464064,0.036306466,0.002538874,0.03327036,8.98e-05,0.002593014,0.031131836,0.089429053
"84","0903","3","Connecticut",2020,0.474088511,0.525911489,0.200889659,0.244372584,0.352710164,0.202027594,0.62637392,0.137671687,0.000674661,0.04470194,0.00017991,0.003073926,0.02404184,0.163282115
"85","0904","4","Connecticut",2020,0.47828476,0.52171524,0.16782317,0.252944871,0.386352496,0.192879463,0.601619511,0.11021425,0.001115265,0.055545896,0.000285269,0.003769622,0.024408135,0.203042051
"86","0905","5","Connecticut",2020,0.482005945,0.517994055,0.170403314,0.238389634,0.380978288,0.210228764,0.674924188,0.066058765,0.001295022,0.037777562,0.000182595,0.004831752,0.025373723,0.189556392
"87","1000","AL","Delaware",2020,0.476568087,0.523431913,0.179191474,0.243944583,0.346097336,0.230766607,0.615117203,0.215077521,0.002930724,0.039526537,0.000299686,0.003621035,0.029026154,0.094401139
"88","1201","1","Florida",2020,0.49763347,0.50236653,0.207388565,0.257396988,0.334655167,0.20055928,0.725339252,0.130608967,0.003353386,0.025254113,0.001207728,0.002742522,0.043835815,0.067658217
"89","1202","2","Florida",2020,0.509986729,0.490013271,0.174922542,0.244841596,0.337888897,0.242346965,0.759373267,0.123350315,0.003028006,0.01788876,0.000844705,0.003164204,0.025081134,0.067269608
"90","1203","3","Florida",2020,0.489976815,0.510023185,0.228037798,0.244175483,0.321119194,0.206667525,0.665742184,0.159362188,0.002025927,0.034212082,0.000419895,0.003262878,0.030465121,0.104509726
"91","1204","4","Florida",2020,0.484780713,0.515219287,0.18207405,0.268145478,0.343423984,0.206356488,0.73095934,0.093518019,0.002252727,0.046133996,0.000537292,0.006261095,0.030137076,0.090200455
"92","1205","5","Florida",2020,0.477663074,0.522336926,0.251686131,0.272110662,0.3210944,0.155108806,0.386229336,0.466985207,0.002061517,0.024738208,0.000556067,0.002920031,0.029942183,0.086567452
"93","1206","6","Florida",2020,0.478896446,0.521103554,0.148687581,0.206326791,0.341458866,0.303526763,0.723259745,0.102536015,0.002508694,0.017341269,0.000688135,0.002552102,0.019503981,0.131610058
"94","1207","7","Florida",2020,0.483131829,0.516868171,0.234433709,0.278900897,0.321994206,0.164671188,0.560835049,0.09888362,0.001147187,0.047515439,0.000322243,0.004762758,0.026741049,0.259792656
"95","1208","8","Florida",2020,0.480128022,0.519871978,0.144805289,0.198068992,0.354766012,0.302359707,0.737693158,0.091020544,0.001789422,0.021793909,0.000885581,0.004837439,0.029668931,0.112311015
"96","1209","9","Florida",2020,0.483186943,0.516813057,0.188714335,0.28859946,0.322167717,0.200518489,0.403444004,0.118416687,0.001863194,0.028933121,0.000818778,0.005184102,0.021103909,0.420236206
"97","1210","10","Florida",2020,0.47984141,0.52015859,0.200147512,0.312063736,0.341798646,0.145990106,0.34723662,0.267108194,0.001065074,0.052723529,0.000424606,0.009424362,0.027253082,0.294764533
"98","1211","11","Florida",2020,0.477850957,0.522149043,0.108108972,0.16672046,0.292082767,0.433087801,0.781352019,0.070275102,0.003035759,0.01236683,0.000275633,0.003957487,0.018665935,0.110071235
"99","1212","12","Florida",2020,0.471577664,0.528422336,0.135453098,0.216465033,0.355636678,0.292445191,0.759491312,0.048840532,0.0023325,0.027562803,0.000650311,0.002512509,0.022825545,0.135784487
"100","1213","13","Florida",2020,0.480044612,0.519955388,0.148997649,0.224742724,0.356941889,0.269317739,0.706002303,0.119946944,0.00197262,0.036772452,0.000881094,0.003315304,0.02636495,0.104744333
"101","1214","14","Florida",2020,0.485206897,0.514793103,0.211166108,0.285712836,0.341986582,0.161134474,0.438798144,0.162576076,0.001607493,0.047302652,0.000532093,0.003384457,0.028129875,0.31766921
"102","1215","15","Florida",2020,0.479332406,0.520667594,0.185974845,0.27241589,0.338381253,0.203228012,0.560667393,0.138250634,0.002659287,0.029084477,0.000622281,0.005291248,0.023285219,0.24013946
"103","1216","16","Florida",2020,0.472879407,0.527120593,0.131123034,0.214383763,0.331833196,0.322660006,0.688415753,0.088592857,0.002100178,0.021385977,0.000311571,0.002854509,0.019872631,0.176466523
"104","1217","17","Florida",2020,0.493453097,0.506546903,0.130368704,0.179963158,0.307083703,0.382584435,0.733037336,0.069337837,0.002553076,0.014958081,0.000407325,0.002685044,0.017966701,0.159054601
"105","1218","18","Florida",2020,0.479946286,0.520053714,0.140079759,0.206250355,0.342582843,0.311087043,0.656985122,0.126001705,0.001662363,0.022713836,0.000490135,0.004042651,0.020387296,0.167716894
"106","1219","19","Florida",2020,0.480939095,0.519060905,0.12596563,0.190639249,0.298917642,0.384477479,0.683811025,0.073559141,0.001200017,0.017594265,0.000400006,0.005068336,0.013772653,0.204594557
"107","1220","20","Florida",2020,0.475851122,0.524148878,0.202930605,0.288410787,0.336585173,0.172073434,0.175345313,0.527722364,0.001040426,0.025810913,0.00032616,0.00469772,0.021098023,0.243959081
"108","1221","21","Florida",2020,0.478361837,0.521638163,0.144425457,0.231183464,0.326153299,0.29823778,0.543775374,0.153879281,0.001008269,0.027702488,0.000231301,0.004604302,0.019177564,0.24962142
"109","1222","22","Florida",2020,0.49104377,0.50895623,0.143868685,0.238289329,0.363641858,0.254200129,0.563931971,0.14785861,0.001054621,0.031591576,0.000378984,0.008346794,0.02200851,0.224828935
"110","1223","23","Florida",2020,0.468002895,0.531997105,0.163422592,0.257236388,0.375135948,0.204205072,0.391478026,0.134824058,0.002348842,0.044090266,0.000515599,0.005626024,0.022431182,0.398686003
"111","1224","24","Florida",2020,0.480437597,0.519562403,0.198658896,0.296816076,0.334575643,0.169949386,0.110581373,0.452020815,0.00126826,0.011339662,0.000425421,0.004352894,0.009557963,0.410453613
"112","1225","25","Florida",2020,0.488632155,0.511367845,0.165350511,0.260713419,0.357851791,0.216084279,0.192678463,0.034310836,0.001450843,0.010693684,5.93e-05,0.000772494,0.00445957,0.755574786
"113","1226","26","Florida",2020,0.480630996,0.519369004,0.191086632,0.277081701,0.354895624,0.176936043,0.169211264,0.100310745,0.000834875,0.017538856,0.000274835,0.004655335,0.008515984,0.698658107
"114","1227","27","Florida",2020,0.48644464,0.51355536,0.164550436,0.28968535,0.353770375,0.19199384,0.208200363,0.038295434,0.000511621,0.019369464,0.000384718,0.003686877,0.010022696,0.719528828
"115","1301","1","Georgia",2020,0.485215421,0.514784579,0.223846812,0.273435388,0.318121415,0.184596384,0.583302553,0.292672739,0.002885076,0.018253347,0.001274645,0.002964322,0.028967618,0.0696797
"116","1302","2","Georgia",2020,0.48101978,0.51898022,0.213800905,0.261423205,0.334645266,0.190130624,0.395532323,0.516083277,0.001911241,0.012145098,0.000972149,0.0021817,0.019169511,0.0520047
"117","1303","3","Georgia",2020,0.473997232,0.526002768,0.187243092,0.254941694,0.366137986,0.191677229,0.640548141,0.248919025,0.001964921,0.019669314,0.000553555,0.005267489,0.023391405,0.059686149
"118","1304","4","Georgia",2020,0.458507765,0.541492235,0.205063913,0.287079179,0.36180596,0.146050948,0.22136185,0.596887056,0.002135868,0.053613584,0.000999824,0.004015167,0.026818033,0.094168618
"119","1305","5","Georgia",2020,0.475427289,0.524572711,0.258998108,0.313805248,0.297410586,0.129786058,0.291140375,0.561045521,0.001985199,0.045587862,0.000353494,0.005039845,0.025085235,0.069762468
"120","1306","6","Georgia",2020,0.485270155,0.514729845,0.156479585,0.300265686,0.380819223,0.162435505,0.58685689,0.134075578,0.001689674,0.117947948,0.00014355,0.006355703,0.030181031,0.122749625
"121","1307","7","Georgia",2020,0.479158241,0.520841759,0.184531611,0.30674307,0.37376421,0.13496111,0.417588283,0.205153056,0.00115392,0.14834229,0,0.003764034,0.028474954,0.195523462
"122","1308","8","Georgia",2020,0.479142109,0.520857891,0.201284386,0.268419119,0.340550018,0.189746478,0.583749027,0.310862657,0.002383638,0.014977635,0.000563175,0.001537467,0.018842422,0.067083979
"123","1309","9","Georgia",2020,0.48651078,0.51348922,0.173002895,0.23553765,0.359832246,0.231627209,0.767645455,0.064763355,0.001574223,0.012900503,0.00012059,0.002061826,0.020071672,0.130862375
"124","1310","10","Georgia",2020,0.486844941,0.513155059,0.206482522,0.253003578,0.352309501,0.1882044,0.63896839,0.253476441,0.00062529,0.022170695,0.000597529,0.002236767,0.020885744,0.061039145
"125","1311","11","Georgia",2020,0.481704759,0.518295241,0.202876492,0.280574867,0.361623271,0.154925371,0.653924323,0.16451593,0.000886279,0.034997067,0.000520962,0.005300949,0.027155625,0.112698866
"126","1312","12","Georgia",2020,0.48402115,0.51597885,0.227421761,0.267399851,0.33094291,0.174235479,0.543470063,0.345374333,0.001609977,0.016934928,0.000847501,0.003791811,0.024035831,0.063935557
"127","1313","13","Georgia",2020,0.451605925,0.548394075,0.199349497,0.285130604,0.36278847,0.15273143,0.2346234,0.598223642,0.001032313,0.026921953,0.000273985,0.00434091,0.022658954,0.111924842
"128","1314","14","Georgia",2020,0.482042548,0.517957452,0.182611557,0.268127977,0.364196854,0.185063612,0.753213648,0.088221526,0.001535536,0.0099727,0.000156039,0.001815854,0.02623668,0.118848016
"129","1501","1","Hawaii",2020,0.497477232,0.502522768,0.20042317,0.271102063,0.314300385,0.214174381,0.152842655,0.021156646,0.000808002,0.490378261,0.0744933,0.001415066,0.170843705,0.088062365
"130","1502","2","Hawaii",2020,0.497171231,0.502828769,0.189837656,0.25578071,0.3307733,0.223608334,0.27803609,0.014268433,0.002143279,0.246125207,0.118312066,0.002157296,0.212331772,0.126625857
"131","1601","1","Idaho",2020,0.493022317,0.506977683,0.174108152,0.26019844,0.338972488,0.22672092,0.827239381,0.00534825,0.01152234,0.011530007,0.001610061,0.002140176,0.027920864,0.112688922
"132","1602","2","Idaho",2020,0.501834801,0.498165199,0.213453963,0.278226384,0.318384486,0.189935168,0.79900827,0.006745048,0.009919677,0.015541541,0.001356141,0.001522539,0.023183948,0.142722836
"133","1701","1","Illinois",2020,0.453326018,0.546673982,0.197023438,0.25406304,0.356266149,0.192647373,0.346544481,0.499674589,0.000673508,0.020266199,7.09e-06,0.002699702,0.018486721,0.111647712
"134","1702","2","Illinois",2020,0.45486604,0.54513396,0.20809814,0.241195415,0.357421131,0.193285314,0.260448467,0.568976841,0.000916564,0.007433549,0.000128463,0.00206696,0.016993238,0.143035919
"135","1703","3","Illinois",2020,0.493524437,0.506475563,0.175152227,0.279362475,0.363217488,0.18226781,0.559772283,0.047327723,0.000701559,0.044568068,8.47e-05,0.001274664,0.013576653,0.332694354
"136","1704","4","Illinois",2020,0.501992437,0.498007563,0.225992264,0.338653179,0.313605078,0.121749479,0.233670931,0.034821298,0.000444926,0.038070427,5.71e-05,0.00178263,0.013775137,0.677377572
"137","1705","5","Illinois",2020,0.490623986,0.509376014,0.22458183,0.330503196,0.298622396,0.146292578,0.669249077,0.028219926,0.000581449,0.073787089,0.000403897,0.002480307,0.027318612,0.197959643
"138","1706","6","Illinois",2020,0.484632892,0.515367108,0.150358848,0.254718394,0.395062534,0.199860224,0.745692301,0.024507988,0.000479708,0.097412616,8.29e-05,0.001668611,0.024885395,0.105270434
"139","1707","7","Illinois",2020,0.472458433,0.527541567,0.249270177,0.316863033,0.28583619,0.1480306,0.29132718,0.43756918,0.000947372,0.078950873,0.000206674,0.00310982,0.021820063,0.166068838
"140","1708","8","Illinois",2020,0.491303498,0.508696502,0.188470777,0.300592411,0.341254026,0.169682786,0.499717176,0.052412046,0.000983184,0.133477496,0.000481013,0.002673076,0.021010804,0.289245205
"141","1709","9","Illinois",2020,0.483530741,0.516469259,0.164153942,0.271619917,0.358940673,0.205285468,0.627498907,0.089837193,0.001266265,0.130316276,0.000332429,0.00303738,0.030855198,0.116856353
"142","1710","10","Illinois",2020,0.489176324,0.510823676,0.189309375,0.260310221,0.358244048,0.192136356,0.56362361,0.067047846,0.001873304,0.11202698,0.000344337,0.003335671,0.020983272,0.23076498
"143","1711","11","Illinois",2020,0.484862643,0.515137357,0.194422987,0.291891311,0.35735731,0.156328393,0.501907309,0.108466445,0.00090592,0.081457499,0.000235539,0.001634836,0.025990135,0.279402316
"144","1712","12","Illinois",2020,0.487148122,0.512851878,0.185033783,0.257121232,0.352959263,0.204885721,0.75429686,0.167914076,0.00135778,0.012193938,0.000144907,0.002399663,0.025176171,0.036516606
"145","1713","13","Illinois",2020,0.487723601,0.512276399,0.242222231,0.235764413,0.325571335,0.196442021,0.778240581,0.113270753,0.00154072,0.041163922,0.000424091,0.001442194,0.026597765,0.037319976
"146","1714","14","Illinois",2020,0.490910512,0.509089488,0.154365292,0.2645753,0.40006673,0.180992679,0.769428937,0.032106522,0.000567839,0.049706841,0.000625837,0.00133395,0.019716566,0.126513507
"147","1715","15","Illinois",2020,0.496025281,0.503974719,0.165985317,0.248671271,0.359022739,0.226320673,0.903599649,0.042337255,0.001393544,0.00629713,0.000346204,0.000640041,0.017394568,0.02799161
"148","1716","16","Illinois",2020,0.494595957,0.505404043,0.181875606,0.240968804,0.359949622,0.217205968,0.818760095,0.038351363,0.001039689,0.014792792,0.000111344,0.001249362,0.021912999,0.103782357
"149","1717","17","Illinois",2020,0.486069128,0.513930872,0.172867928,0.244584348,0.354074787,0.228472936,0.748762539,0.116835534,0.001747613,0.013378634,0.00026044,0.001102431,0.025521657,0.092391152
"150","1718","18","Illinois",2020,0.48458631,0.51541369,0.165857624,0.253112457,0.35198451,0.229045408,0.880290154,0.039463655,0.001497301,0.027555189,0.000369686,0.001123332,0.020100086,0.029600596
"151","1801","1","Indiana",2020,0.484373686,0.515626314,0.180883079,0.260791561,0.357630101,0.200695259,0.619248411,0.181939059,0.001928836,0.013092618,0.000201124,0.0024931,0.020532811,0.160564041
"152","1802","2","Indiana",2020,0.486240835,0.513759165,0.188869684,0.251970937,0.353059644,0.206099736,0.7875378,0.06711955,0.002431878,0.013322881,0.000391971,0.00252711,0.026997708,0.099671103
"153","1803","3","Indiana",2020,0.487313858,0.512686142,0.190904622,0.257820508,0.354288371,0.196986499,0.824768822,0.058993774,0.001279157,0.024421737,0.000327818,0.001701975,0.025057301,0.063449416
"154","1804","4","Indiana",2020,0.49573823,0.50426177,0.226552019,0.248548962,0.339399353,0.185499666,0.839047512,0.042023939,0.001667419,0.031200804,0.000204656,0.002468987,0.019976228,0.063410455
"155","1805","5","Indiana",2020,0.478267262,0.521732738,0.174464315,0.277735385,0.359423539,0.188376761,0.802458045,0.083962774,0.001276558,0.036408105,0.000214676,0.003391377,0.025520942,0.046767522
"156","1806","6","Indiana",2020,0.489192161,0.510807839,0.18663564,0.237172247,0.363177558,0.213014555,0.905792293,0.025500415,0.000985698,0.016426443,0.000136054,0.00226294,0.018942055,0.029954103
"157","1807","7","Indiana",2020,0.472728497,0.527271503,0.22779667,0.298709451,0.330589971,0.142903908,0.509751572,0.299863768,0.001770759,0.036731834,0.000181382,0.003585885,0.033037641,0.115077159
"158","1808","8","Indiana",2020,0.492550138,0.507449862,0.183350753,0.247418998,0.359009256,0.210220992,0.894160371,0.043482311,0.001067767,0.010929319,0.000667354,0.001665605,0.020999419,0.027027854
"159","1809","9","Indiana",2020,0.48724536,0.51275464,0.207135485,0.256082773,0.345279941,0.191501801,0.882664715,0.029213483,0.001528459,0.025953474,0.000100227,0.002423907,0.022850398,0.035265337
"160","1901","1","Iowa",2020,0.491454657,0.508545343,0.187563718,0.245776931,0.346178353,0.220480998,0.8718664,0.03945797,0.003131174,0.016974328,0.001770019,0.001284817,0.022844633,0.042670659
"161","1902","2","Iowa",2020,0.492788363,0.507211637,0.197544577,0.250817372,0.342150619,0.209487432,0.844809189,0.043158894,0.001815912,0.025691126,0.000631288,0.001187179,0.023380663,0.059325749
"162","1903","3","Iowa",2020,0.487041622,0.512958378,0.181944277,0.290625543,0.344369577,0.183060602,0.823190201,0.044206908,0.001705844,0.034568594,0.000668073,0.000735831,0.023981665,0.070942886
"163","1904","4","Iowa",2020,0.497020769,0.502979231,0.202918029,0.233733424,0.336403493,0.226945053,0.86347485,0.017062989,0.003688685,0.021994067,0.001619358,0.000918521,0.017806301,0.073435229
"164","2001","1","Kansas",2020,0.505549575,0.494450425,0.234424847,0.245122382,0.31634473,0.20410804,0.760533305,0.029468875,0.004049837,0.016071715,0.001094202,0.000893431,0.025104975,0.162783661
"165","2002","2","Kansas",2020,0.49329024,0.50670976,0.203574524,0.248009805,0.337689808,0.210725863,0.816684499,0.044130423,0.011489693,0.016457945,0.0006453,0.00337735,0.037388295,0.069826495
"166","2003","3","Kansas",2020,0.485191732,0.514808268,0.182870031,0.295684554,0.345111163,0.176334251,0.711708073,0.080325224,0.002339808,0.050383945,0.000507195,0.002521778,0.029272762,0.122941214
"167","2004","4","Kansas",2020,0.489935376,0.510064624,0.19522354,0.263076124,0.342819111,0.198881225,0.72806348,0.062680898,0.006797688,0.03271724,0.000374045,0.001356777,0.03987103,0.128138841
"168","2101","1","Kentucky",2020,0.487664878,0.512335122,0.193471858,0.235090293,0.348144667,0.223293182,0.8689277,0.066860724,0.001921085,0.006601294,0.000768434,0.001195806,0.021026138,0.032698818
"169","2102","2","Kentucky",2020,0.488912558,0.511087442,0.194439126,0.251716999,0.356099006,0.197744869,0.86437813,0.054475954,0.001937399,0.015777646,0.001279834,0.001831509,0.024737791,0.035581736
"170","2103","3","Kentucky",2020,0.474366588,0.525633412,0.197092932,0.271969805,0.34077092,0.190166343,0.659860245,0.22144849,0.001131045,0.029201659,0.000604478,0.003681942,0.025792403,0.058279736
"171","2104","4","Kentucky",2020,0.491743077,0.508256923,0.175440428,0.264188156,0.368631121,0.191740296,0.892944252,0.033432092,0.00106701,0.012471574,0.000284099,0.001924545,0.023305321,0.034571108
"172","2105","5","Kentucky",2020,0.489236813,0.510763187,0.173572744,0.248739738,0.362370072,0.215317445,0.952458891,0.014137741,0.002151521,0.004228055,0.000227842,0.000718135,0.012224156,0.013853659
"173","2106","6","Kentucky",2020,0.482061004,0.517938996,0.217264038,0.263399399,0.338838202,0.180498362,0.814191811,0.085144174,0.001369473,0.021257727,0.000431178,0.003064583,0.025833364,0.048707688
"174","2201","1","Louisiana",2020,0.478006826,0.521993174,0.173618715,0.272107725,0.350725408,0.203548151,0.71440397,0.137837491,0.010293804,0.022640884,0.000260555,0.002650433,0.023019873,0.088892989
"175","2202","2","Louisiana",2020,0.472270333,0.527729667,0.203249685,0.278290405,0.339288833,0.179171077,0.2768579,0.609033683,0.001808804,0.024628723,4.41e-05,0.003610045,0.015829239,0.06818749
"176","2203","3","Louisiana",2020,0.480810153,0.519189847,0.196281651,0.273982442,0.344685482,0.185050424,0.671462122,0.242960521,0.003319734,0.015117012,0.000308043,0.002018826,0.023850408,0.040963334
"177","2204","4","Louisiana",2020,0.487742636,0.512257364,0.202754316,0.266865984,0.331022498,0.199357202,0.577923071,0.340584145,0.006613363,0.010043508,0.000628055,0.003271789,0.019869612,0.041066458
"178","2205","5","Louisiana",2020,0.490344158,0.509655842,0.20021684,0.26880363,0.332091949,0.198887581,0.595769158,0.35091744,0.003418958,0.007012832,0.000231429,0.002000783,0.01600761,0.02464179
"179","2206","6","Louisiana",2020,0.475783039,0.524216961,0.213106956,0.276531517,0.333346448,0.177015079,0.662776089,0.238779429,0.004475778,0.022264449,0.000504295,0.003044636,0.021780276,0.046375047
"180","2301","1","Maine",2020,0.479119709,0.520880291,0.157872283,0.236616254,0.367730653,0.23778081,0.918458836,0.017601275,0.00343578,0.01567147,0.00013982,0.001794354,0.023826169,0.019072296
"181","2302","2","Maine",2020,0.487264167,0.512735833,0.151762242,0.215877132,0.376946245,0.255414381,0.934692393,0.008675888,0.008639203,0.006720909,9.63e-05,0.001606476,0.024210251,0.015358583
"182","2401","1","Maryland",2020,0.484273802,0.515726198,0.163836378,0.225834116,0.377283514,0.233045992,0.786360986,0.117003335,0.001356845,0.022254433,3.81e-05,0.002390826,0.027687261,0.04290817
"183","2402","2","Maryland",2020,0.471384763,0.528615237,0.203347061,0.291219397,0.342139968,0.163293573,0.481182229,0.353155551,0.001717448,0.053917474,0.000309661,0.00423247,0.033766078,0.071719088
"184","2403","3","Maryland",2020,0.471828976,0.528171024,0.201287372,0.280289198,0.331507405,0.186916026,0.568156966,0.222914196,0.001844528,0.076229917,0.000420473,0.00456967,0.034238144,0.091626107
"185","2404","4","Maryland",2020,0.470786664,0.529213336,0.179948664,0.295960559,0.356870668,0.167220109,0.249966573,0.512328346,0.001405928,0.032229111,0.000283304,0.004074808,0.027026383,0.172685547
"186","2405","5","Maryland",2020,0.481830469,0.518169531,0.192005932,0.260608961,0.378722907,0.168662201,0.435692741,0.380502754,0.003190097,0.040695964,0.000217031,0.004103981,0.038286395,0.097311036
"187","2406","6","Maryland",2020,0.488066426,0.511933574,0.180119934,0.27468892,0.366055901,0.179135246,0.56983591,0.132779491,0.001498332,0.114153468,0.000479985,0.003592106,0.035299673,0.142361035
"188","2407","7","Maryland",2020,0.462685005,0.537314995,0.200342942,0.2554438,0.35654804,0.187665219,0.328805646,0.517150844,0.002589306,0.075698549,0.000416462,0.003016911,0.029752644,0.042569639
"189","2408","8","Maryland",2020,0.478219496,0.521780504,0.158572347,0.272334617,0.366259543,0.202833493,0.590333206,0.124890047,0.001294103,0.089369774,0.000417075,0.006045644,0.033906541,0.153743609
"190","2501","1","Massachusetts",2020,0.473758606,0.526241394,0.182760652,0.231303205,0.363338344,0.222597799,0.713052793,0.055759613,0.001152376,0.021582991,0.000105887,0.001725814,0.019679782,0.186940743
"191","2502","2","Massachusetts",2020,0.481683367,0.518316633,0.204171412,0.242359628,0.363775958,0.189693002,0.759947979,0.047304255,0.001389889,0.057252234,0.000714953,0.002997199,0.027249566,0.103143924
"192","2503","3","Massachusetts",2020,0.489059068,0.510940932,0.183406067,0.267028031,0.370754292,0.17881161,0.658324127,0.033865949,0.001080067,0.080997201,0.000264161,0.004873313,0.022444569,0.198150613
"193","2504","4","Massachusetts",2020,0.475647025,0.524352975,0.158039911,0.248527065,0.39084463,0.202588395,0.814194276,0.029920133,0.00046555,0.066560493,0.000220939,0.007442224,0.030699995,0.050496389
"194","2505","5","Massachusetts",2020,0.478329996,0.521670004,0.191373995,0.285028962,0.338507679,0.185089364,0.687000335,0.048365933,0.00093353,0.127948075,0.00017763,0.00885946,0.028538792,0.098176245
"195","2506","6","Massachusetts",2020,0.473648453,0.526351547,0.164515685,0.236337171,0.386229946,0.212917198,0.799027955,0.032036885,0.000799047,0.042023684,0.000359442,0.002807009,0.022483227,0.100462749
"196","2507","7","Massachusetts",2020,0.48263981,0.51736019,0.314492377,0.309941159,0.255274536,0.120291928,0.403476772,0.226769755,0.001923015,0.1062472,0.000566757,0.008399888,0.030741017,0.221875596
"197","2508","8","Massachusetts",2020,0.476364988,0.523635012,0.193331437,0.276131776,0.345290453,0.185246334,0.71078672,0.098505567,0.001566116,0.08230419,0.000341533,0.016602646,0.029334154,0.060559075
"198","2509","9","Massachusetts",2020,0.476366864,0.523633136,0.157609162,0.212737496,0.369377361,0.260275981,0.847006369,0.027283828,0.002392541,0.014691086,0.000278077,0.016792115,0.031308563,0.060247422
"199","2601","1","Michigan",2020,0.504239235,0.495760765,0.158011398,0.203017119,0.358614679,0.280356803,0.904785454,0.013474095,0.022828556,0.006731314,0.000577666,0.001447748,0.029460965,0.020694203
"200","2602","2","Michigan",2020,0.489169206,0.510830794,0.200411338,0.256252337,0.340688804,0.202647521,0.782872431,0.062187447,0.003834792,0.022478234,0.000193894,0.001823142,0.030087225,0.096522835
"201","2603","3","Michigan",2020,0.493247722,0.506752278,0.197936186,0.266650223,0.35177611,0.183637481,0.782319561,0.078030981,0.002120807,0.021074266,0.000133805,0.003322375,0.034235312,0.078762894
"202","2604","4","Michigan",2020,0.497914693,0.502085307,0.185654135,0.223522933,0.357204399,0.233618532,0.90687832,0.018367181,0.006189391,0.009757342,0.00013542,0.001617908,0.023111145,0.033943292
"203","2605","5","Michigan",2020,0.475410124,0.524589876,0.177246676,0.229667059,0.365548913,0.227537352,0.733056501,0.169215579,0.003089531,0.008577748,0.000179383,0.002720389,0.031547612,0.051613257
"204","2606","6","Michigan",2020,0.487045624,0.512954376,0.199526811,0.239105049,0.348569972,0.212798168,0.797852833,0.079744194,0.003149678,0.015177869,0.000210997,0.003560566,0.036348316,0.063955546
"205","2607","7","Michigan",2020,0.49752532,0.50247468,0.165917855,0.238608709,0.374143547,0.221329889,0.870734244,0.041027673,0.003261892,0.010965902,0.000116041,0.001325984,0.026904598,0.045663664
"206","2608","8","Michigan",2020,0.4891934,0.5108066,0.210756642,0.238293647,0.362552174,0.188397536,0.808741019,0.054833532,0.002160456,0.047620331,0.000206207,0.002446181,0.028870323,0.055121952
"207","2609","9","Michigan",2020,0.479654319,0.520345681,0.195331431,0.260662415,0.351934026,0.192072128,0.746246613,0.14052931,0.002857394,0.048255732,0.000315781,0.003416298,0.030939503,0.027439369
"208","2610","10","Michigan",2020,0.489572928,0.510427072,0.156629451,0.223884908,0.396985688,0.222499954,0.895494768,0.028641517,0.00148129,0.01751171,0.000659431,0.001218906,0.021818141,0.033174237
"209","2611","11","Michigan",2020,0.485324944,0.514675056,0.15824326,0.251346974,0.387810943,0.202598824,0.777554957,0.048260114,0.001826795,0.106243141,0.000205855,0.002324392,0.028273065,0.03531168
"210","2612","12","Michigan",2020,0.483860247,0.516139753,0.25298485,0.246189348,0.327361061,0.173464741,0.737263263,0.108572088,0.001925157,0.056180218,0.000192938,0.002433556,0.034082459,0.059350319
"211","2613","13","Michigan",2020,0.465418141,0.534581859,0.216307872,0.252795704,0.356393597,0.174502828,0.332995438,0.534599795,0.004135001,0.014340221,0.000264569,0.004824664,0.027142078,0.081698234
"212","2614","14","Michigan",2020,0.465683959,0.534316041,0.213979518,0.250273379,0.336685945,0.199061158,0.309967798,0.553391659,0.001986126,0.052741232,0.000374576,0.005968541,0.029394086,0.046175981
"213","2701","1","Minnesota",2020,0.495829544,0.504170456,0.187106641,0.255033395,0.342206666,0.215653298,0.846236336,0.033395138,0.002681641,0.028120358,0.000336311,0.000883555,0.021193522,0.067153138
"214","2702","2","Minnesota",2020,0.489180536,0.510819464,0.166703556,0.283049816,0.372377595,0.177869034,0.798829181,0.050542609,0.002805967,0.046737025,0.000292846,0.002849613,0.034595197,0.063347563
"215","2703","3","Minnesota",2020,0.480303971,0.519696029,0.142995887,0.277045825,0.384261785,0.195696503,0.755680851,0.079612843,0.00212336,0.078269663,0.000204728,0.005957856,0.034197847,0.043952852
"216","2704","4","Minnesota",2020,0.481728947,0.518271053,0.204725865,0.281384481,0.337084707,0.176804947,0.654126551,0.100236114,0.004174291,0.128986441,0.000264213,0.00347811,0.040048593,0.068685685
"217","2705","5","Minnesota",2020,0.499989124,0.500010876,0.24963022,0.319098028,0.288979118,0.142292633,0.621309401,0.170208527,0.008503529,0.058921391,0.000411034,0.005021583,0.042036946,0.093587589
"218","2706","6","Minnesota",2020,0.500372784,0.499627216,0.176726268,0.284378667,0.370819437,0.168075628,0.87417145,0.038985784,0.00311353,0.025524835,5.42e-05,0.002190025,0.024613829,0.031346386
"219","2707","7","Minnesota",2020,0.498495493,0.501504507,0.166622542,0.235643677,0.351027823,0.246705958,0.875406271,0.014293535,0.025290408,0.009624513,0.000923905,0.00136636,0.022652178,0.05044283
"220","2708","8","Minnesota",2020,0.503662696,0.496337304,0.15596899,0.228976905,0.362122204,0.252931901,0.908774651,0.010436513,0.022220927,0.007329768,0.000271971,0.002964783,0.028760186,0.019241201
"221","2801","1","Mississippi",2020,0.474268338,0.525731662,0.191834601,0.257698541,0.353126986,0.197339871,0.657955043,0.27992975,0.001722303,0.008693779,0.000381283,0.001987373,0.015152089,0.03417838
"222","2802","2","Mississippi",2020,0.470263677,0.529736323,0.207157273,0.259330561,0.340266642,0.193245525,0.302136808,0.659330374,0.003167988,0.004533103,0.000375839,0.001054076,0.007712612,0.0216892
"223","2803","3","Mississippi",2020,0.473257628,0.526742372,0.199228409,0.26084501,0.337538541,0.202388039,0.587401215,0.355779844,0.009505012,0.010872034,0.000224496,0.001706439,0.008613709,0.02589725
"224","2804","4","Mississippi",2020,0.4821226,0.5178774,0.194419027,0.258213508,0.346459695,0.200907771,0.682424332,0.233046348,0.002929343,0.015026946,0.000477231,0.002079639,0.020399348,0.043616814
"225","2901","1","Missouri",2020,0.461465302,0.538534698,0.225233781,0.27764883,0.329602818,0.167514571,0.403783531,0.491908689,0.001844044,0.032969352,0.000233092,0.003908766,0.029806755,0.035545772
"226","2902","2","Missouri",2020,0.476465081,0.523534919,0.152242336,0.25188649,0.369665461,0.226205713,0.8519354,0.038673903,0.001270856,0.046347567,0.000271483,0.002119405,0.030322186,0.029059199
"227","2903","3","Missouri",2020,0.492318325,0.507681675,0.169425251,0.262848475,0.365417143,0.20230913,0.899018952,0.033844979,0.002263282,0.012141589,0.000449642,0.001548627,0.024132461,0.026600468
"228","2904","4","Missouri",2020,0.49374286,0.50625714,0.219788319,0.2439116,0.327829294,0.208470787,0.859315156,0.045431694,0.004669628,0.016299644,0.001087075,0.001138902,0.031478525,0.040579376
"229","2905","5","Missouri",2020,0.47710897,0.52289103,0.200795452,0.272411435,0.3404012,0.186391914,0.631721653,0.214816327,0.002561491,0.017484569,0.00362124,0.004635756,0.032818623,0.09234034
"230","2906","6","Missouri",2020,0.489255961,0.510744039,0.175826338,0.265133137,0.353205527,0.205834997,0.869082641,0.040631082,0.002672283,0.014661444,0.001748849,0.001128498,0.026869856,0.043205347
"231","2907","7","Missouri",2020,0.481372017,0.518627983,0.198577095,0.250648311,0.333528983,0.217245611,0.871216168,0.018465789,0.007705048,0.012773587,0.002262056,0.0012895,0.033782592,0.052505259
"232","2908","8","Missouri",2020,0.493105428,0.506894572,0.173425155,0.240197263,0.356113027,0.230264555,0.897129235,0.043671333,0.003868118,0.008308787,0.000508784,0.001094904,0.023417647,0.022001191
"233","3000","AL","Montana",2020,0.498768271,0.501231729,0.1835783,0.246631089,0.334262517,0.235528094,0.855964698,0.004644416,0.05907479,0.008031421,0.000519918,0.001566348,0.031109395,0.039089012
"234","3101","1","Nebraska",2020,0.498476874,0.501523126,0.222686686,0.263512367,0.324415624,0.189385323,0.807480996,0.028006742,0.010321112,0.026817326,0.000762644,0.001902758,0.027898893,0.09680953
"235","3102","2","Nebraska",2020,0.487479173,0.512520827,0.196934143,0.309132106,0.333337584,0.160596167,0.717805294,0.094035777,0.003182558,0.037091832,0.000398375,0.001272135,0.029762619,0.116451411
"236","3103","3","Nebraska",2020,0.494610294,0.505389706,0.166500553,0.240351272,0.348658617,0.244489558,0.831211376,0.013458988,0.007555982,0.008485051,0.000478712,0.000847337,0.015392185,0.122570368
"237","3201","1","Nevada",2020,0.505537183,0.494462817,0.206565065,0.286368136,0.337286726,0.169780073,0.290731064,0.114758658,0.004865774,0.08427589,0.006984119,0.004422134,0.031268767,0.462693593
"238","3202","2","Nevada",2020,0.506829847,0.493170153,0.179742811,0.258874799,0.343039829,0.218342561,0.653059622,0.019158804,0.018593891,0.040790823,0.004425608,0.002889321,0.031343004,0.229738928
"239","3203","3","Nevada",2020,0.489208431,0.510791569,0.165237078,0.2878097,0.343075795,0.203877427,0.540200398,0.076790812,0.003268967,0.140028334,0.007179283,0.004940544,0.049618421,0.17797324
"240","3204","4","Nevada",2020,0.493240674,0.506759326,0.184740942,0.280450105,0.332843562,0.201965391,0.431013822,0.147462449,0.008192792,0.053654324,0.006894189,0.002937162,0.042500925,0.307344337
"241","3301","1","New Hampshire",2020,0.491154921,0.508845079,0.183478496,0.23109881,0.377077163,0.208345531,0.89353136,0.015326925,0.001131106,0.027649258,0.00029666,0.001532985,0.022151557,0.038380151
"242","3302","2","New Hampshire",2020,0.491851753,0.508148247,0.163986341,0.230806501,0.382966848,0.222240311,0.898115828,0.011707141,0.001670745,0.026049321,0.000174378,0.001479973,0.021263626,0.039538988
"243","3401","1","New Jersey",2020,0.474035542,0.525964458,0.185721714,0.265367357,0.360358209,0.18855272,0.614628707,0.161678595,0.000693349,0.052296186,0.000135086,0.003814111,0.024606321,0.142147646
"244","3402","2","New Jersey",2020,0.484432677,0.515567323,0.169731312,0.235867735,0.367780256,0.226620697,0.6483887,0.118064137,0.00289006,0.036972543,0.000210646,0.001887386,0.024993821,0.166592707
"245","3403","3","New Jersey",2020,0.480206127,0.519793873,0.167585395,0.230761982,0.371564737,0.230087886,0.738762354,0.105013376,0.000471075,0.037515961,0.000411685,0.003558037,0.027547789,0.086719722
"246","3404","4","New Jersey",2020,0.476829485,0.523170515,0.167140259,0.233845633,0.370766989,0.228247119,0.773651382,0.060378659,0.000343305,0.040551766,0.000175018,0.001354373,0.013882999,0.109662497
"247","3405","5","New Jersey",2020,0.48249014,0.51750986,0.151399297,0.228792978,0.402160775,0.217646949,0.677690052,0.046752954,0.001480875,0.106336078,0.000213496,0.002416451,0.019958497,0.145151596
"248","3406","6","New Jersey",2020,0.490487799,0.509512201,0.196757697,0.273770679,0.359023991,0.170447632,0.465101654,0.09713804,0.00110364,0.189540932,0.000356057,0.004956148,0.022465687,0.219337843
"249","3407","7","New Jersey",2020,0.481810391,0.518189609,0.146693807,0.236827514,0.416666977,0.199811702,0.689637231,0.046683206,0.000933583,0.10621571,0.000120593,0.005422639,0.01957001,0.131417027
"250","3408","8","New Jersey",2020,0.496047549,0.503952451,0.217002762,0.352489641,0.30504489,0.125462707,0.254492118,0.085935368,0.000911805,0.092862466,0.000541835,0.009481465,0.017199668,0.538575274
"251","3409","9","New Jersey",2020,0.47800013,0.52199987,0.18504851,0.289073911,0.346443512,0.179434067,0.369315702,0.09011292,0.000896884,0.133541456,0.000199013,0.004318574,0.014729588,0.386885864
"252","3410","10","New Jersey",2020,0.470182452,0.529817548,0.212123738,0.302866107,0.338711389,0.146298766,0.187786785,0.495490554,0.002101771,0.07143912,0.000146359,0.012428666,0.022213637,0.208393108
"253","3411","11","New Jersey",2020,0.478393956,0.521606044,0.153140663,0.23792224,0.397750526,0.211186571,0.718640665,0.034700268,0.000574053,0.104827213,0.000180922,0.00289747,0.021808566,0.116370844
"254","3412","12","New Jersey",2020,0.481311549,0.518688451,0.171047519,0.268649923,0.36987518,0.190427378,0.451579668,0.163521853,0.001538108,0.17530555,0.00016704,0.004149283,0.020127699,0.183610799
"255","3501","1","New Mexico",2020,0.484799904,0.515200096,0.194033718,0.27095025,0.331815914,0.203200118,0.383578913,0.02312342,0.036358855,0.024091064,0.000487396,0.004455167,0.023908112,0.503997073
"256","3502","2","New Mexico",2020,0.498096071,0.501903929,0.214343224,0.252950184,0.308808323,0.223898269,0.354737928,0.017260343,0.046359978,0.008458267,0.00045223,0.001592077,0.013143197,0.55799598
"257","3503","3","New Mexico",2020,0.485620595,0.514379405,0.177279095,0.259387559,0.335222352,0.228110994,0.362015069,0.013925645,0.175105864,0.012268582,0.001076947,0.002442516,0.019568848,0.41359653
"258","3601","1","New York",2020,0.488947298,0.511052702,0.171600282,0.229233117,0.380789304,0.218377298,0.737219401,0.049625496,0.001336168,0.041707723,0.000222229,0.00309443,0.016130452,0.150664101
"259","3602","2","New York",2020,0.485884148,0.514115852,0.189283909,0.253169176,0.381582098,0.175964817,0.598494015,0.092914104,0.001504015,0.036843453,0.000274353,0.004663995,0.017199802,0.248106263
"260","3603","3","New York",2020,0.473272551,0.526727449,0.144521384,0.2106804,0.397640483,0.247157733,0.662106502,0.027732181,0.001820217,0.172186432,0.0001581,0.006046308,0.017160077,0.112790183
"261","3604","4","New York",2020,0.479599822,0.520400178,0.179471638,0.256423452,0.363083257,0.201021653,0.548340073,0.142433526,0.000982902,0.071913793,0.000156434,0.005003108,0.019448994,0.211721172
"262","3605","5","New York",2020,0.466559602,0.533440398,0.205913329,0.254764168,0.360950155,0.178372348,0.109815493,0.464336289,0.003572749,0.149718345,0.00063906,0.044644391,0.037468958,0.189804716
"263","3606","6","New York",2020,0.471506653,0.528493347,0.161026396,0.274117539,0.359900671,0.204955394,0.328713349,0.036677065,0.00253295,0.398640869,0.000205597,0.006082918,0.022100265,0.205046986
"264","3607","7","New York",2020,0.486084535,0.513915465,0.229747086,0.341700485,0.291531774,0.137020656,0.318775338,0.079704229,0.001309762,0.175716038,0.000550239,0.005365174,0.024764901,0.393814319
"265","3608","8","New York",2020,0.441194231,0.558805769,0.220433776,0.295450646,0.310097941,0.174017636,0.244853298,0.481567324,0.001127832,0.0577574,0.000210822,0.007010147,0.030037573,0.177435606
"266","3609","9","New York",2020,0.450430543,0.549569457,0.202157384,0.300941798,0.314189596,0.182711222,0.327875812,0.446463848,0.001104267,0.072211586,0.00027468,0.005481105,0.03261334,0.113975362
"267","3610","10","New York",2020,0.480176619,0.519823381,0.195268487,0.318899155,0.306614232,0.179218126,0.620097564,0.031625096,0.001101487,0.189059928,0.000178804,0.005039269,0.026764631,0.126133221
"268","3611","11","New York",2020,0.47379766,0.52620234,0.179400715,0.266210954,0.357799319,0.196589013,0.582495365,0.071747134,0.000927599,0.145872868,0.000401457,0.003213029,0.021151182,0.174191365
"269","3612","12","New York",2020,0.47325085,0.52674915,0.218195642,0.353606022,0.259876373,0.168321963,0.633611439,0.047670343,0.001689985,0.142564619,0.000353524,0.004113361,0.029109618,0.140887111
"270","3613","13","New York",2020,0.466362179,0.533637821,0.248192414,0.311132561,0.303732304,0.136942721,0.143518616,0.23946627,0.001180947,0.045197219,0.000147454,0.006507715,0.019511296,0.544470483
"271","3614","14","New York",2020,0.495879666,0.504120334,0.191286486,0.329015485,0.325938166,0.153759863,0.222857958,0.0880635,0.001317575,0.170700921,0.000299912,0.005619712,0.017853503,0.49328692
"272","3615","15","New York",2020,0.453331955,0.546668045,0.261574403,0.290094695,0.323807926,0.124522977,0.026919978,0.278261425,0.001638678,0.018950784,0.000345128,0.007126756,0.009863321,0.65689393
"273","3616","16","New York",2020,0.45547657,0.54452343,0.181364295,0.259224678,0.352078946,0.207332081,0.343591862,0.302572054,0.002441017,0.053611162,0.000228007,0.00956959,0.021167101,0.266819208
"274","3617","17","New York",2020,0.483894343,0.516105657,0.177138448,0.255563153,0.368820363,0.198478036,0.598269922,0.099397119,0.000765414,0.058839649,0.000105295,0.004709926,0.018114788,0.219797888
"275","3618","18","New York",2020,0.4905099,0.5094901,0.188660968,0.238212,0.380909136,0.192217896,0.670109543,0.090203548,0.001823187,0.031053567,0.000245854,0.004736142,0.024204186,0.177623973
"276","3619","19","New York",2020,0.498498059,0.501501941,0.16232423,0.216039874,0.379064616,0.24257128,0.828513514,0.04295877,0.001324081,0.015584855,0.000238134,0.003643735,0.027722508,0.080014403
"277","3620","20","New York",2020,0.478828476,0.521171524,0.204723673,0.250333746,0.342084893,0.202857688,0.74964876,0.086820937,0.001207989,0.051399449,0.000207989,0.005356749,0.037559229,0.067798898
"278","3621","21","New York",2020,0.511199217,0.488800783,0.197039084,0.238233023,0.353239567,0.211488326,0.897266209,0.028439936,0.007404404,0.009841134,0.000665212,0.001621632,0.019682269,0.035079204
"279","3622","22","New York",2020,0.491564273,0.508435727,0.190145788,0.222882598,0.361848195,0.225123419,0.865772268,0.037322639,0.001961764,0.028465808,0.000301921,0.001362256,0.024095898,0.040717445
"280","3623","23","New York",2020,0.49352651,0.50647349,0.194519629,0.22208342,0.354462103,0.228934848,0.878686414,0.0265552,0.005052141,0.022613865,0.000166332,0.001483967,0.024378426,0.041063654
"281","3624","24","New York",2020,0.482314046,0.517685954,0.181902737,0.23951478,0.367439934,0.211142549,0.810822012,0.078029689,0.002996541,0.027344857,0.000206511,0.00171475,0.032227053,0.046658587
"282","3625","25","New York",2020,0.472095967,0.527904033,0.197267097,0.245615467,0.349414489,0.207702947,0.690508626,0.14636257,0.001436268,0.037326224,0.000283345,0.00249009,0.027873932,0.093718944
"283","3626","26","New York",2020,0.469389366,0.530610634,0.212327883,0.250202375,0.336897225,0.200572517,0.678980399,0.170816836,0.003452158,0.045488253,0.000405388,0.001541041,0.029943655,0.069372269
"284","3627","27","New York",2020,0.495155658,0.504844342,0.156971611,0.230239563,0.386371812,0.226417014,0.910477586,0.025711877,0.006056352,0.009455795,0.000191577,0.002052811,0.017875397,0.028178606
"285","3701","1","North Carolina",2020,0.465849265,0.534150735,0.208749785,0.257076867,0.335766533,0.198406816,0.420621408,0.432233006,0.005913033,0.020299573,0.000801299,0.001859171,0.026637597,0.091634913
"286","3702","2","North Carolina",2020,0.482337629,0.517662371,0.161031006,0.283271806,0.378840201,0.176856987,0.652656907,0.18910577,0.003489637,0.020803829,0.000438948,0.005269687,0.027370724,0.100864497
"287","3703","3","North Carolina",2020,0.505365523,0.494634477,0.259120159,0.231065804,0.305846463,0.203967574,0.669626617,0.196152415,0.003158976,0.014755916,0.000962685,0.001680754,0.031509535,0.082153101
"288","3704","4","North Carolina",2020,0.475646582,0.524353418,0.228018183,0.306513323,0.328960423,0.13650807,0.552588421,0.21700146,0.002756058,0.092950009,0.000443185,0.003589338,0.027611359,0.10306017
"289","3705","5","North Carolina",2020,0.479502116,0.520497884,0.183325992,0.234069362,0.363283535,0.219321111,0.719169758,0.142238848,0.00300363,0.015855121,0.000813319,0.00276581,0.017560595,0.098592919
"290","3706","6","North Carolina",2020,0.472997468,0.527002532,0.165955838,0.238020441,0.37937178,0.216651941,0.648337831,0.200878365,0.002879884,0.018671679,0.000208277,0.003335009,0.023104644,0.102584311
"291","3707","7","North Carolina",2020,0.477278186,0.522721814,0.175525824,0.235591554,0.347410482,0.241472139,0.6789158,0.181882597,0.00725038,0.008547347,0.000453381,0.001820957,0.024155547,0.096973991
"292","3708","8","North Carolina",2020,0.486086349,0.513913651,0.229165936,0.264732697,0.32256594,0.183535426,0.589583461,0.22829679,0.009966727,0.026070775,0.001848334,0.00431904,0.033082172,0.106832699
"293","3709","9","North Carolina",2020,0.476908435,0.523091565,0.163758129,0.260098717,0.384589753,0.191553401,0.599472387,0.186905357,0.077011413,0.03151084,0.000164958,0.002225668,0.023345405,0.079363972
"294","3710","10","North Carolina",2020,0.475147044,0.524852956,0.165116772,0.241661612,0.368507758,0.224713859,0.766810188,0.119253116,0.00245775,0.018063549,0.00041659,0.00229451,0.022510222,0.068194076
"295","3711","11","North Carolina",2020,0.480860348,0.519139652,0.153936853,0.21978666,0.355275225,0.271001262,0.858074048,0.031805291,0.014076467,0.011689894,0.000702778,0.002023427,0.017133161,0.064494934
"296","3712","12","North Carolina",2020,0.472779356,0.527220644,0.235264987,0.331278038,0.31655759,0.116899384,0.389428906,0.367239273,0.002182272,0.057989961,0.000429003,0.0037741,0.025820356,0.153136127
"297","3713","13","North Carolina",2020,0.473389764,0.526610236,0.183790331,0.247097482,0.363140883,0.205971304,0.636222025,0.218603844,0.002931728,0.035282801,0.000196469,0.002489035,0.022472756,0.081801342
"298","3800","AL","North Dakota",2020,0.510141671,0.489858329,0.229913664,0.271005628,0.312796672,0.186284036,0.836781984,0.030851111,0.048882553,0.015559039,0.001292751,0.001604431,0.025147489,0.039880641
"299","3901","1","Ohio",2020,0.481648472,0.518351528,0.197885473,0.26354631,0.355229169,0.183339048,0.678576014,0.215665402,0.00049613,0.037657732,0.000394497,0.004168294,0.029145961,0.033895971
"300","3902","2","Ohio",2020,0.479118351,0.520881649,0.174110491,0.259633667,0.359413231,0.206842612,0.847948237,0.083076932,0.001465741,0.016313737,0.000531999,0.002646286,0.025578481,0.022438587
"301","3903","3","Ohio",2020,0.477559041,0.522440959,0.243200471,0.316802002,0.314935679,0.125061847,0.495352114,0.340687729,0.001450386,0.044756213,0.000494336,0.004317283,0.042826547,0.070115391
"302","3904","4","Ohio",2020,0.495526736,0.504473264,0.176627012,0.243946816,0.366247423,0.213178749,0.86834188,0.048798541,0.001955994,0.00965051,0.000211079,0.001708329,0.028798147,0.04053552
"303","3905","5","Ohio",2020,0.484305124,0.515694876,0.182459257,0.242357652,0.35712016,0.21806293,0.877987977,0.026908921,0.001161347,0.013378329,0.00070456,0.001598755,0.022162486,0.056097625
"304","3906","6","Ohio",2020,0.494793759,0.505206241,0.158418583,0.22817738,0.372113929,0.241290107,0.938994685,0.021920965,0.001234516,0.004652177,0.000206475,0.001152215,0.019698836,0.012140131
"305","3907","7","Ohio",2020,0.482364639,0.517635361,0.161540664,0.242322448,0.367568187,0.228568702,0.9013121,0.039490207,0.001192818,0.006348472,5.06e-05,0.002221487,0.023978102,0.025406201
"306","3908","8","Ohio",2020,0.483608716,0.516391284,0.185159189,0.243668665,0.36175003,0.209422116,0.847941069,0.058693149,0.000976444,0.021169029,0.000122909,0.001723457,0.032895914,0.036478029
"307","3909","9","Ohio",2020,0.479988266,0.520011734,0.198388259,0.248930469,0.355017786,0.197663485,0.67184061,0.15651958,0.002156992,0.017274385,0.000276719,0.00477944,0.034263536,0.112888738
"308","3910","10","Ohio",2020,0.475082618,0.524917382,0.196985957,0.246045226,0.344688752,0.212280065,0.738298928,0.166354141,0.001257474,0.023619784,0.000350987,0.003414526,0.036024558,0.030679603
"309","3911","11","Ohio",2020,0.454074428,0.545925572,0.211733895,0.240905745,0.34746444,0.199895921,0.370784634,0.519073425,0.001317268,0.024968343,0.000221487,0.006264307,0.03187817,0.045492365
"310","3912","12","Ohio",2020,0.489498903,0.510501097,0.180485548,0.274318274,0.354765209,0.190430968,0.842615591,0.048230522,0.000993804,0.048755909,0.000246869,0.001892659,0.030268618,0.026996027
"311","3913","13","Ohio",2020,0.479970824,0.520029176,0.201182981,0.234021565,0.347939685,0.216855768,0.795975521,0.115061042,0.00135491,0.020198928,0.000347231,0.00146404,0.031123243,0.034475086
"312","3914","14","Ohio",2020,0.483408347,0.516591653,0.145648795,0.229786929,0.381486819,0.243077457,0.874566261,0.045575441,0.001000184,0.023061514,0.000149469,0.001748926,0.022622886,0.031275319
"313","3915","15","Ohio",2020,0.501817982,0.498182018,0.199238065,0.273651869,0.347777633,0.179332433,0.878970224,0.04237812,0.001232368,0.024733258,0.000188694,0.001396337,0.027243542,0.023857456
"314","3916","16","Ohio",2020,0.483573932,0.516426068,0.163422941,0.229965942,0.36574806,0.240863058,0.903216998,0.022966615,0.001248292,0.022714449,9.47e-05,0.00193931,0.01999217,0.027827429
"315","4001","1","Oklahoma",2020,0.480189328,0.519810672,0.193852025,0.281928464,0.338163496,0.186056015,0.631464454,0.085168043,0.057263764,0.031899281,0.000845359,0.002269578,0.073179318,0.117910204
"316","4002","2","Oklahoma",2020,0.490397088,0.509602912,0.178401117,0.2416584,0.344105221,0.235835262,0.629498001,0.031610909,0.170931038,0.006849141,0.001599556,0.000632352,0.102763803,0.0561152
"317","4003","3","Oklahoma",2020,0.504278687,0.495721313,0.205300321,0.26943881,0.328593435,0.196667433,0.729120604,0.036317296,0.054379004,0.01458213,0.003247178,0.001787296,0.056348626,0.104217865
"318","4004","4","Oklahoma",2020,0.492471547,0.507528453,0.223453049,0.269792072,0.321315394,0.185439484,0.69518005,0.065907425,0.050546853,0.023108971,0.000959878,0.001995436,0.071503981,0.090797405
"319","4005","5","Oklahoma",2020,0.480142668,0.519857332,0.205769751,0.292597267,0.327004138,0.174628844,0.563470187,0.132940165,0.039020554,0.030815889,0.000790151,0.001820148,0.059323416,0.17181949
"320","4101","1","Oregon",2020,0.490533563,0.509466437,0.182005328,0.304232279,0.336340852,0.177421541,0.693757109,0.017922182,0.004053002,0.083669323,0.003342876,0.002050563,0.046329586,0.148875359
"321","4102","2","Oregon",2020,0.494628729,0.505371271,0.164052356,0.247279618,0.331862684,0.256805342,0.789804043,0.006502536,0.016480253,0.010427958,0.002376739,0.001968746,0.03090123,0.141538495
"322","4103","3","Oregon",2020,0.491842096,0.508157904,0.186043803,0.330754073,0.323365643,0.15983648,0.698661442,0.048764203,0.006520236,0.074216605,0.006056538,0.003831736,0.045848004,0.116101236
"323","4104","4","Oregon",2020,0.489326417,0.510673583,0.199899962,0.227516264,0.315472889,0.257110885,0.82992831,0.007704941,0.008924357,0.024684574,0.001553772,0.001998761,0.043154059,0.082051225
"324","4105","5","Oregon",2020,0.486917699,0.513082301,0.179465259,0.261816972,0.339107764,0.219610006,0.737420968,0.008787985,0.007123332,0.02697405,0.005273983,0.002889609,0.04049146,0.171038615
"325","4201","1","Pennsylvania",2020,0.485127678,0.514872322,0.153038209,0.23381652,0.392805588,0.220339684,0.813666049,0.03860141,0.000610104,0.060576429,0.000238124,0.008586545,0.022857062,0.054864277
"326","4202","2","Pennsylvania",2020,0.470499953,0.529500047,0.213539739,0.300172486,0.330755236,0.15553254,0.374783512,0.247870188,0.001583533,0.082600016,0.000140279,0.005437158,0.025254256,0.262331058
"327","4203","3","Pennsylvania",2020,0.454262524,0.545737476,0.268632489,0.291727977,0.281431741,0.158207793,0.305371701,0.555129373,0.002350474,0.057365444,0.000349451,0.002992521,0.029740782,0.046700253
"328","4204","4","Pennsylvania",2020,0.480431102,0.519568898,0.16193577,0.260734492,0.36577643,0.211553308,0.75680069,0.093551984,0.000433745,0.065041151,0.000251763,0.004426383,0.026114976,0.053379308
"329","4205","5","Pennsylvania",2020,0.468681411,0.531318589,0.187909965,0.264989306,0.351800466,0.195300263,0.612214595,0.24095731,0.001505722,0.069533435,0.000332902,0.002950157,0.025349339,0.047156539
"330","4206","6","Pennsylvania",2020,0.484334211,0.515665789,0.175379472,0.253389234,0.372731585,0.198499709,0.718081287,0.055074783,0.00054711,0.045043529,0.000176443,0.001918987,0.023806104,0.155351757
"331","4207","7","Pennsylvania",2020,0.482580269,0.517419731,0.180222903,0.247652323,0.358552669,0.213572106,0.687327597,0.061445895,0.000914916,0.030600365,0.000364323,0.00243247,0.021658024,0.195256409
"332","4208","8","Pennsylvania",2020,0.489664785,0.510335215,0.169399528,0.229935639,0.370172007,0.230492825,0.785044009,0.050323962,0.000832777,0.01873317,0.000286717,0.002779287,0.018609262,0.123390816
"333","4209","9","Pennsylvania",2020,0.496302708,0.503697292,0.164320478,0.235063786,0.370009586,0.23060615,0.878145187,0.022946364,0.000836165,0.010544188,0.000291949,0.002278905,0.013391402,0.07156584
"334","4210","10","Pennsylvania",2020,0.482993136,0.517006864,0.175878894,0.258553327,0.358406768,0.207161011,0.738565359,0.104040455,0.001016262,0.038866569,2.85e-05,0.002763471,0.02809936,0.086619993
"335","4211","11","Pennsylvania",2020,0.48366686,0.51633314,0.17523489,0.244815396,0.354780044,0.225169669,0.837361887,0.030956922,0.000504703,0.019458948,0.000341457,0.002274564,0.01943174,0.08966978
"336","4212","12","Pennsylvania",2020,0.497544808,0.502455192,0.197109052,0.219998868,0.350223614,0.232668466,0.917170989,0.020911039,0.001146656,0.017217057,0.000213832,0.001028976,0.017175438,0.025136013
"337","4213","13","Pennsylvania",2020,0.493868691,0.506131309,0.158518045,0.225732887,0.369980808,0.245768261,0.911736582,0.027243145,0.000911652,0.006081033,8.92e-05,0.001371791,0.018198524,0.03436812
"338","4214","14","Pennsylvania",2020,0.487152546,0.512847454,0.153990117,0.222270405,0.376975659,0.246763819,0.923707166,0.030402111,0.000204355,0.00893759,0.000297774,0.001068482,0.021014941,0.014367581
"339","4215","15","Pennsylvania",2020,0.508183938,0.491816062,0.173609779,0.22158328,0.367421839,0.237385101,0.942560624,0.018947626,0.000701326,0.007001453,0.000115165,0.00106454,0.014199277,0.015409988
"340","4216","16","Pennsylvania",2020,0.486732279,0.513267721,0.170712931,0.228851872,0.368158305,0.232276893,0.890206974,0.044539797,0.001253942,0.011588005,0.000137378,0.002370506,0.023279775,0.026623621
"341","4217","17","Pennsylvania",2020,0.479660376,0.520339624,0.147485593,0.258727686,0.362675276,0.231111445,0.865685834,0.05861471,0.00056489,0.029217902,0.000309915,0.005199522,0.023687336,0.016719892
"342","4218","18","Pennsylvania",2020,0.473864624,0.526135376,0.216980479,0.259741259,0.321307705,0.201970557,0.719179663,0.179821967,0.001243634,0.040806198,0.000203425,0.003274999,0.029337931,0.026132183
"343","4501","1","South Carolina",2020,0.477220188,0.522779812,0.181525319,0.264980807,0.326574442,0.226919432,0.698801634,0.18170724,0.002168567,0.019515857,0.000831387,0.004411697,0.027023198,0.06554042
"344","4502","2","South Carolina",2020,0.474537561,0.525462439,0.188337969,0.255070788,0.355052817,0.201538425,0.650487647,0.239530898,0.002972248,0.02043731,0.000774109,0.002595542,0.024375469,0.058826776
"345","4503","3","South Carolina",2020,0.481451416,0.518548584,0.185909179,0.234254784,0.353432688,0.22640335,0.731909352,0.180851384,0.001695898,0.009638709,0.000217533,0.001439724,0.020136101,0.0541113
"346","4504","4","South Carolina",2020,0.476576761,0.523423239,0.18932314,0.264886556,0.345980487,0.199809817,0.677780616,0.180992619,0.001663781,0.02557168,0.001728656,0.003600579,0.024078196,0.084583872
"347","4505","5","South Carolina",2020,0.47598417,0.52401583,0.173344605,0.254595425,0.362399734,0.209660236,0.650860463,0.258085334,0.004059794,0.015536282,0.000248,0.002226515,0.021760934,0.047222679
"348","4506","6","South Carolina",2020,0.477186567,0.522813433,0.237240385,0.253020635,0.313383027,0.196355953,0.356450579,0.555144247,0.002261191,0.011400988,0.000549082,0.002495003,0.019763925,0.051934985
"349","4507","7","South Carolina",2020,0.470138577,0.529861423,0.157473778,0.222485198,0.3521549,0.267886124,0.646150562,0.274595857,0.004526899,0.01058238,0.000243588,0.001587425,0.018193811,0.044119478
"350","4600","AL","South Dakota",2020,0.500856981,0.499143019,0.190311451,0.261962376,0.334993365,0.212732808,0.81348654,0.02096582,0.082041449,0.013959397,0.000561788,0.000937071,0.027007879,0.041040057
"351","4701","1","Tennessee",2020,0.483373599,0.516626401,0.165195548,0.22684276,0.362991078,0.244970614,0.908864339,0.021556168,0.002483941,0.008256676,0.000754896,0.000277535,0.018367287,0.039439157
"352","4702","2","Tennessee",2020,0.479505682,0.520494318,0.196564899,0.241311322,0.346123346,0.216000433,0.853921816,0.059807522,0.001904901,0.016529024,0.000485173,0.002246908,0.02159948,0.043505177
"353","4703","3","Tennessee",2020,0.48232524,0.51767476,0.169494567,0.24504034,0.359530934,0.225934159,0.813755777,0.103317765,0.002502384,0.01380251,0.000440159,0.001662822,0.022142432,0.042376151
"354","4704","4","Tennessee",2020,0.485829093,0.514170907,0.204425733,0.266449114,0.345108008,0.184017145,0.786334943,0.092453618,0.002057968,0.018275555,0.000279894,0.002640247,0.029071453,0.068886323
"355","4705","5","Tennessee",2020,0.475348132,0.524651868,0.226245069,0.31258812,0.312833787,0.148333025,0.596803037,0.241855335,0.001506416,0.032669174,0.000521103,0.00311369,0.02779175,0.095739495
"356","4706","6","Tennessee",2020,0.486020624,0.513979376,0.170487489,0.248737098,0.360827284,0.21994813,0.870363968,0.047230964,0.002399679,0.010484613,0.000416893,0.00225097,0.020659098,0.046193815
"357","4707","7","Tennessee",2020,0.489743634,0.510256366,0.189069565,0.271611725,0.352547302,0.186771408,0.794762681,0.097457122,0.002314011,0.021861448,0.001096177,0.002895682,0.025843169,0.053769709
"358","4708","8","Tennessee",2020,0.47801867,0.52198133,0.160999507,0.246352569,0.373229923,0.219418,0.721878749,0.196914391,0.002072129,0.021199802,0.000242784,0.002110241,0.020925965,0.034655939
"359","4709","9","Tennessee",2020,0.458388152,0.541611848,0.244375332,0.280963519,0.324251615,0.150409534,0.223335419,0.664548195,0.001068005,0.018230041,0.00030291,0.003258056,0.014977673,0.074279701
"360","4801","1","Texas",2020,0.48129652,0.51870348,0.1947605,0.255088018,0.334595355,0.215556128,0.615121915,0.171363812,0.002079779,0.01104649,0.000607467,0.001725538,0.020170949,0.17788405
"361","4802","2","Texas",2020,0.491409759,0.508590241,0.21086033,0.319934495,0.329950732,0.139254443,0.438518755,0.124023311,0.00164742,0.078994654,0.000869403,0.003109598,0.02165604,0.33118082
"362","4803","3","Texas",2020,0.484889685,0.515110315,0.170964465,0.316369661,0.372141166,0.140524708,0.546816262,0.097267992,0.002979946,0.168320706,0.000663325,0.002552966,0.031128344,0.150270458
"363","4804","4","Texas",2020,0.485411505,0.514588495,0.168261965,0.258820717,0.355696924,0.217220394,0.704593677,0.102151816,0.005964202,0.013443951,0.000290044,0.001587405,0.026178469,0.145790436
"364","4805","5","Texas",2020,0.501746186,0.498253814,0.193869518,0.290969826,0.34447175,0.170688907,0.507713047,0.150830134,0.003380682,0.020194399,0.000398348,0.001270229,0.020284093,0.295929068
"365","4806","6","Texas",2020,0.476461348,0.523538652,0.210119974,0.282409175,0.352730624,0.154740227,0.469039044,0.211615967,0.002097379,0.047736251,0.002926112,0.002300512,0.027839188,0.236445547
"366","4807","7","Texas",2020,0.485985366,0.514014634,0.203948703,0.323773015,0.324431489,0.147846793,0.400412694,0.147388709,0.00250087,0.109600869,0.000341601,0.005403845,0.02751713,0.306834282
"367","4808","8","Texas",2020,0.50693398,0.49306602,0.178973842,0.292589549,0.354940923,0.173495686,0.626123672,0.083567177,0.002062222,0.029393197,0.00039925,0.001766481,0.021053314,0.235634688
"368","4809","9","Texas",2020,0.478150102,0.521849898,0.233257109,0.317179104,0.314088631,0.135475155,0.103636921,0.367599187,0.001046289,0.116619181,0.000166837,0.003045748,0.016943672,0.390942164
"369","4810","10","Texas",2020,0.490973883,0.509026117,0.187724572,0.323905585,0.332952477,0.155417365,0.511208418,0.111151154,0.001313305,0.060394345,9.18e-05,0.002181103,0.024757127,0.288902793
"370","4811","11","Texas",2020,0.49971482,0.50028518,0.206111007,0.278150259,0.315926809,0.199811925,0.539189861,0.037416823,0.003082428,0.010502089,0.000285125,0.001082703,0.015118025,0.393322947
"371","4812","12","Texas",2020,0.480870596,0.519129404,0.196608421,0.302901677,0.337766114,0.162723788,0.608631353,0.08446371,0.003172329,0.034990169,0.000863087,0.002035285,0.025847752,0.239996315
"372","4813","13","Texas",2020,0.50637457,0.49362543,0.198305669,0.277494538,0.33204278,0.192157013,0.622919162,0.052444199,0.005127571,0.019428875,0.001080006,0.000956416,0.021364178,0.276679592
"373","4814","14","Texas",2020,0.50306186,0.49693814,0.190112026,0.284666803,0.349909956,0.175311214,0.500081159,0.189804862,0.002479634,0.030849608,0.00034575,0.001068922,0.017379875,0.25799019
"374","4815","15","Texas",2020,0.488489952,0.511510048,0.236253253,0.306698869,0.301474461,0.155573417,0.144435042,0.016768796,0.001017512,0.011401673,0.000502459,0.002232733,0.005110226,0.818531559
"375","4816","16","Texas",2020,0.487242873,0.512757127,0.259960218,0.288396519,0.298187685,0.153455578,0.129592463,0.032273608,0.002569795,0.01249671,0.001589926,0.00063705,0.012188983,0.808651465
"376","4817","17","Texas",2020,0.490058803,0.509941197,0.275036256,0.273961868,0.29785016,0.153151716,0.532471033,0.125506401,0.001855379,0.048608149,0.000464478,0.001992065,0.023015054,0.266087441
"377","4818","18","Texas",2020,0.493183614,0.506816386,0.236140023,0.336846055,0.30756576,0.119448162,0.164045516,0.340609501,0.001250961,0.040796766,0.000901502,0.00218285,0.016442283,0.433770621
"378","4819","19","Texas",2020,0.503817685,0.496182315,0.250069353,0.278939148,0.29902298,0.171968519,0.528587449,0.057594738,0.003256157,0.015337172,0.0004595,0.001863983,0.017912285,0.374988718
"379","4820","20","Texas",2020,0.488148695,0.511851305,0.254205607,0.312520564,0.298316357,0.134957471,0.203746555,0.047410123,0.001727273,0.033353861,0.000991178,0.001158803,0.017204709,0.694407498
"380","4821","21","Texas",2020,0.485466004,0.514533996,0.204792698,0.276576736,0.319414297,0.199216268,0.598357989,0.034190019,0.001224009,0.03394691,0.000368896,0.003172507,0.025803377,0.302936292
"381","4822","22","Texas",2020,0.486137797,0.513862203,0.168330692,0.314967461,0.371183128,0.145518719,0.379981088,0.139627713,0.002218421,0.190553649,0.000167869,0.002056927,0.024863739,0.260530594
"382","4823","23","Texas",2020,0.506501426,0.493498574,0.218322251,0.296841949,0.312400674,0.172435126,0.240180991,0.0327737,0.003474083,0.016018584,0.000567064,0.00208836,0.011908347,0.692988871
"383","4824","24","Texas",2020,0.483184598,0.516815402,0.206657767,0.319484952,0.343371804,0.130485476,0.44538565,0.123701165,0.003094834,0.149402542,0.002206206,0.002577389,0.028105465,0.245526749
"384","4825","25","Texas",2020,0.495267833,0.504732167,0.188290873,0.288185624,0.341736176,0.181787327,0.666121677,0.068632692,0.002363558,0.031448621,0.002935486,0.000869083,0.029674398,0.197954484
"385","4826","26","Texas",2020,0.486378099,0.513621901,0.180911969,0.315376826,0.369644952,0.134066252,0.616531001,0.083593588,0.003312768,0.074845706,0.000799901,0.002314278,0.030528279,0.188074478
"386","4827","27","Texas",2020,0.488357489,0.511642511,0.193086187,0.26784614,0.334676601,0.204391071,0.383536102,0.047967834,0.001648523,0.01638667,0.000772281,0.000938348,0.011659824,0.537090418
"387","4828","28","Texas",2020,0.4805816,0.5194184,0.221136038,0.296581821,0.316896209,0.165385932,0.157111646,0.04240139,0.000626472,0.00999592,0.000385623,0.000626472,0.009870889,0.778981588
"388","4829","29","Texas",2020,0.506592003,0.493407997,0.234854378,0.320221156,0.331657911,0.113266556,0.08375203,0.100526491,0.000735141,0.017751495,0.000485139,0.001391903,0.006401403,0.788956397
"389","4830","30","Texas",2020,0.475689659,0.524310341,0.231005991,0.298987984,0.335761353,0.134244672,0.15248927,0.414127313,0.001290756,0.020062509,0.00025739,0.001977976,0.015729981,0.394064804
"390","4831","31","Texas",2020,0.489150938,0.510849062,0.206009749,0.32278481,0.317897364,0.153308077,0.544064602,0.107660736,0.001854388,0.054546811,0.002280412,0.002093956,0.037432424,0.250066672
"391","4832","32","Texas",2020,0.486783827,0.513216173,0.211657329,0.301996161,0.33544545,0.15090106,0.477598421,0.13972528,0.002417672,0.088056036,0.000306213,0.00296988,0.027311875,0.261614625
"392","4833","33","Texas",2020,0.500639961,0.499360039,0.236928191,0.321139921,0.323369776,0.118562111,0.136881064,0.157494892,0.001638767,0.023507044,0.000376199,0.001362708,0.011215611,0.667523715
"393","4834","34","Texas",2020,0.491063459,0.508936541,0.230660334,0.277176053,0.30632272,0.185840893,0.130877791,0.010943893,0.000924268,0.005986201,0.000170955,0.000346079,0.003706803,0.847044009
"394","4835","35","Texas",2020,0.501783599,0.498216401,0.250859697,0.335976352,0.296245106,0.116918845,0.262352581,0.087025968,0.001541891,0.018165667,0.000367117,0.003414789,0.018236683,0.608895303
"395","4836","36","Texas",2020,0.495341425,0.504658575,0.186658655,0.270126031,0.356739529,0.186475785,0.595385573,0.088442297,0.003187844,0.018933415,0.000126873,0.000946871,0.020338363,0.272638765
"396","4901","1","Utah",2020,0.500524641,0.499475359,0.235079398,0.307177234,0.307471732,0.150271636,0.809056909,0.009479243,0.007844445,0.014306096,0.003827882,0.00121996,0.024804987,0.129460478
"397","4902","2","Utah",2020,0.502776922,0.497223078,0.230410603,0.300306702,0.283430854,0.185851841,0.759105821,0.011621403,0.009373668,0.023989063,0.011589402,0.002645824,0.023078961,0.158595857
"398","4903","3","Utah",2020,0.497453842,0.502546158,0.291986158,0.278719037,0.279677022,0.149617783,0.817766167,0.007098991,0.012787269,0.018504098,0.007380615,0.001797459,0.026964487,0.107700913
"399","4904","4","Utah",2020,0.496798029,0.503201971,0.220754186,0.359787257,0.294610818,0.12484774,0.733934454,0.015863288,0.00543552,0.033901754,0.013464054,0.002973307,0.026076688,0.168350935
"400","5000","AL","Vermont",2020,0.487466711,0.512533289,0.180576759,0.224336248,0.362053521,0.233033473,0.923536855,0.012006279,0.002463401,0.016084185,0.000307525,0.001556844,0.023994939,0.020049973
"401","5101","1","Virginia",2020,0.490975549,0.509024451,0.174685601,0.262175789,0.368325981,0.194812629,0.658527996,0.158382506,0.002361551,0.034386727,0.000437093,0.003125839,0.037525055,0.105253233
"402","5102","2","Virginia",2020,0.495548115,0.504451885,0.249740214,0.270289415,0.307633947,0.172336424,0.617995008,0.191248706,0.001850637,0.057610541,0.000923966,0.002679906,0.043688828,0.084002408
"403","5103","3","Virginia",2020,0.473926255,0.526073745,0.245846859,0.274828044,0.31578404,0.163541057,0.405835709,0.45331298,0.002443703,0.026114796,0.000875356,0.003337971,0.040252881,0.067826604
"404","5104","4","Virginia",2020,0.480217092,0.519782908,0.200517938,0.273184051,0.349541175,0.176756837,0.481007824,0.402269282,0.002058996,0.01872706,0.000328975,0.003012378,0.03203055,0.060564934
"405","5105","5","Virginia",2020,0.481973119,0.518026881,0.174281138,0.227773117,0.35318217,0.244763575,0.721435721,0.191345634,0.00207905,0.018788551,0.000248891,0.001705714,0.024855265,0.039541175
"406","5106","6","Virginia",2020,0.479551704,0.520448296,0.195717811,0.236496589,0.345325882,0.222459718,0.786506722,0.107879056,0.002061223,0.018841881,0.000518281,0.002254256,0.024453062,0.057485519
"407","5107","7","Virginia",2020,0.47728487,0.52271513,0.167469437,0.272841878,0.3664482,0.193240485,0.655948303,0.175588892,0.001796556,0.054186075,0.000385871,0.003143346,0.033623405,0.075327552
"408","5108","8","Virginia",2020,0.4901024,0.5098976,0.196577929,0.342470719,0.316347111,0.144604241,0.510490795,0.142500122,0.001452005,0.116947592,0.000568556,0.004650913,0.03627887,0.187111148
"409","5109","9","Virginia",2020,0.494058471,0.505941529,0.184913885,0.222594256,0.35257904,0.239912819,0.890725837,0.051801757,0.00194175,0.014637592,0.000500685,0.001740342,0.014586531,0.024065506
"410","5110","10","Virginia",2020,0.494448288,0.505551712,0.154265413,0.2899331,0.390535632,0.165265855,0.590816788,0.069430359,0.001839781,0.156554703,0.000467265,0.004604722,0.037399901,0.138886482
"411","5111","11","Virginia",2020,0.485165397,0.514834603,0.185494043,0.311573231,0.35461808,0.148314646,0.448343194,0.127766493,0.001947641,0.189460516,0.000815263,0.003986421,0.041533443,0.186147029
"412","5301","1","Washington",2020,0.50003483,0.49996517,0.161931264,0.305114792,0.359404168,0.173549776,0.71166073,0.013058174,0.009572697,0.122564364,0.00202647,0.004138841,0.045518143,0.091460581
"413","5302","2","Washington",2020,0.494554494,0.505445506,0.207088039,0.27197507,0.325669183,0.195267708,0.694060879,0.032606575,0.009916009,0.090665389,0.004524046,0.002962063,0.049664976,0.115600063
"414","5303","3","Washington",2020,0.489467104,0.510532896,0.166163918,0.2578293,0.354327675,0.221679107,0.792609374,0.013604829,0.006890478,0.034382479,0.005485493,0.002428137,0.045279518,0.099319691
"415","5304","4","Washington",2020,0.500949909,0.499050091,0.200213423,0.280386066,0.32553822,0.19386229,0.527729458,0.011719651,0.019383129,0.014908105,0.002229326,0.001892335,0.025383481,0.396754516
"416","5305","5","Washington",2020,0.494484063,0.505515937,0.209716446,0.253041246,0.32499889,0.212243418,0.829040847,0.01541375,0.012764965,0.024240734,0.004600522,0.001784721,0.04328604,0.068868421
"417","5306","6","Washington",2020,0.500327138,0.499672862,0.1879417,0.241726441,0.326945242,0.243386616,0.758607944,0.032582202,0.017329835,0.039180074,0.005673781,0.002833416,0.064394561,0.079398187
"418","5307","7","Washington",2020,0.50063836,0.49936164,0.235015015,0.327435592,0.290508091,0.147041301,0.670393929,0.045405665,0.003884582,0.135409534,0.003087135,0.003312473,0.057813042,0.080693641
"419","5308","8","Washington",2020,0.494510125,0.505489875,0.16340443,0.290967725,0.376589032,0.169038813,0.68491454,0.029857519,0.007742695,0.095600514,0.009131631,0.003184134,0.052449831,0.117119137
"420","5309","9","Washington",2020,0.502959309,0.497040691,0.204635988,0.317004025,0.322918858,0.155441129,0.436971856,0.113500758,0.004812753,0.238575041,0.01203588,0.005781433,0.060751013,0.127571265
"421","5310","10","Washington",2020,0.489718874,0.510281126,0.224077132,0.284713458,0.317964823,0.173244586,0.646101375,0.062578707,0.009463218,0.068392539,0.016660982,0.002658988,0.07156837,0.122575821
"422","5401","1","West Virginia",2020,0.493456811,0.506543189,0.191362121,0.236289539,0.343040852,0.229307488,0.927595135,0.02455825,0.001780798,0.009378758,0.000165923,0.002676125,0.019524704,0.014320307
"423","5402","2","West Virginia",2020,0.487684316,0.512315684,0.153312815,0.240855048,0.369150884,0.236681253,0.893429644,0.044706159,0.001953471,0.008698898,0.00045699,0.002568154,0.026276917,0.021909767
"424","5403","3","West Virginia",2020,0.48456893,0.51543107,0.162006788,0.232752291,0.351584974,0.253655946,0.926475785,0.035341584,0.001340836,0.004907735,0.0001178,0.001886524,0.01893627,0.010993466
"425","5501","1","Wisconsin",2020,0.490713355,0.509286645,0.16481969,0.247334683,0.383591635,0.204253993,0.796414547,0.053701232,0.002837859,0.017595279,0.000325041,0.003592121,0.0222417,0.103292222
"426","5502","2","Wisconsin",2020,0.493804505,0.506195495,0.223578648,0.269961449,0.325228354,0.181231549,0.809923723,0.041964859,0.003377231,0.043625493,0.000308441,0.003481346,0.030530427,0.066788481
"427","5503","3","Wisconsin",2020,0.502189176,0.497810824,0.205208493,0.233962498,0.344653923,0.216175086,0.912080727,0.012223797,0.004572692,0.022403152,0.000738155,0.00114732,0.018242389,0.028591768
"428","5504","4","Wisconsin",2020,0.4733048,0.5266952,0.239501796,0.289176581,0.317062209,0.154259414,0.408034964,0.332528896,0.004154458,0.044018612,0.000255594,0.003941228,0.030619003,0.176447247
"429","5505","5","Wisconsin",2020,0.484613064,0.515386936,0.160855535,0.254937702,0.372364429,0.211842334,0.858729219,0.022846745,0.002376204,0.030760097,0.000265244,0.002561738,0.021143959,0.061316794
"430","5506","6","Wisconsin",2020,0.501860979,0.498139021,0.16609478,0.244064401,0.370108913,0.219731905,0.883845527,0.018423007,0.003687399,0.025126352,0.000387485,0.001449221,0.019213364,0.047867645
"431","5507","7","Wisconsin",2020,0.500937135,0.499062865,0.137904598,0.222994982,0.38348813,0.25561229,0.910342384,0.006624379,0.018031079,0.015775612,0.000493559,0.002829177,0.021133049,0.024770762
"432","5508","8","Wisconsin",2020,0.496173141,0.503826859,0.163722297,0.250825191,0.373176447,0.212276065,0.862438407,0.01471274,0.021479427,0.023014646,0.000227692,0.000835781,0.022072518,0.055218789
"433","5600","AL","Wyoming",2020,0.507570635,0.492429365,0.186673298,0.267305139,0.335494527,0.210527036,0.835671577,0.0081053,0.019946744,0.008163785,0.000829108,0.001419116,0.024627246,0.101237125
