state,cd_2020,cd_2010,pop,vap,pop_overlap,vap_overlap
AL,1,1,717620,557432,1,1
AL,2,1,873,684,0.001214684745479717,0.0012249152050658482
AL,2,2,680313,529393,0.9465816990281131,0.9480431800517902
AL,2,3,37519,28329,0.05220361622640722,0.050731904743143874
AL,3,3,693517,544745,0.965876900022005,0.9650317812373779
AL,3,4,1445,1166,0.002012484366687186,0.0020656032766207724
AL,3,6,23056,18573,0.03211061561130779,0.032902615486001374
AL,4,4,674218,521298,0.9420676029337175,0.9401819772212854
AL,4,5,41461,33167,0.05793239706628251,0.05981802277871462
AL,5,5,719826,562855,1,1
AL,6,4,4204,3234,0.0058397891897223045,0.0058385146991919235
AL,6,6,653869,503296,0.9082914171490327,0.9086274254930422
AL,6,7,61816,47378,0.085868793661245,0.0855340598077659
AL,7,1,7480,5942,0.010468243994054932,0.010505360527283528
AL,7,2,18975,15221,0.02655547189668347,0.02691048343752652
AL,7,4,21866,16732,0.030601420210428498,0.029581907159627732
AL,7,6,63611,50023,0.08902345838313214,0.08843986025854997
AL,7,7,602610,477698,0.843351405515701,0.8445623886170123
AK,1,1,733391,554003,1,1
AZ,1,4,1205,1087,0.0015355149964383697,0.0016923872157038587
AZ,1,6,597323,490147,0.7611605180228683,0.7631265102259422
AZ,1,7,26512,20210,0.03378387849425233,0.03146563535361084
AZ,1,9,159713,130844,0.20352008848644096,0.20371546720474304
AZ,2,1,518308,393529,0.6362417755081999,0.6113508693436734
AZ,2,4,296332,250175,0.36375822449180006,0.3886491306563265
AZ,3,3,93206,63322,0.11400508831156123,0.10831753894997571
AZ,3,7,682721,486305,0.8350714320661481,0.8318650828948538
AZ,3,9,41633,34969,0.05092347962229072,0.05981737815517041
AZ,4,5,229432,179207,0.2928333482239722,0.28909623850798616
AZ,4,7,17,8,2.1697788101954078e-5,1.2905577952110626e-5
AZ,4,9,554041,440672,0.7071449539879259,0.7108908559140618
AZ,5,4,144173,106624,0.18117102128215698,0.18201931087226692
AZ,5,5,651611,479160,0.818828978717843,0.8179806891277331
AZ,6,1,236765,187391,0.3040137545470771,0.2980923717139067
AZ,6,2,541101,440423,0.694790811983097,0.7006032126801923
AZ,6,3,931,820,0.001195433469825898,0.001304415605901049
AZ,7,1,5647,4292,0.007118536811041737,0.007102115245554146
AZ,7,2,203480,161336,0.2565043156208204,0.2669680487550614
AZ,7,3,576938,433727,0.7272807491922787,0.7177025021221954
AZ,7,7,7216,4972,0.009096398375859249,0.008227333877189005
AZ,8,4,8272,6152,0.010479335869555578,0.009841200268105522
AZ,8,6,188725,143237,0.2390851864098013,0.2291326402475017
AZ,8,7,24868,18469,0.03150388351113493,0.029544396578615226
AZ,8,8,551046,444879,0.6980894721439946,0.7116617903242061
AZ,8,9,16452,12390,0.020842122065513585,0.019819972581571425
AZ,9,3,106489,76322,0.13414517392805045,0.12560624986628355
AZ,9,4,354390,289223,0.44642834648049845,0.47598616919205633
AZ,9,7,47002,33089,0.05920885222855156,0.054455926231302326
AZ,9,8,285953,208995,0.36021762736289953,0.3439516547103578
AR,1,1,689147,529050,0.9157990136995039,0.9136690274748333
AR,1,2,8612,6676,0.011444381396102904,0.01152944793010488
AR,1,3,54750,43313,0.07275660490439317,0.07480152459506181
AR,2,1,24711,20099,0.032829376519509505,0.034492522815965515
AR,2,2,727999,562607,0.9671706234804905,0.9655074771840345
AR,3,3,713443,536011,0.9471919853322872,0.946402244481052
AR,3,4,39776,30356,0.052808014667712844,0.05359775551894796
AR,4,1,2527,2365,0.0033555264604573716,0.0040485414123846
AR,4,2,32780,24337,0.04352756524487243,0.041661459768796615
AR,4,3,70954,54940,0.09421765907213785,0.09404941445936993
AR,4,4,646825,502519,0.8588992492225324,0.8602405843594488
CA,1,1,546579,432517,0.717467580796963,0.732476299184062
CA,1,3,215238,157969,0.28253241920303696,0.26752370081593807
CA,2,2,717065,575932,0.9291150754367871,0.9305931454368891
CA,2,5,54707,42955,0.07088492456321296,0.06940685456311088
CA,3,1,154252,127916,0.20061777769107214,0.21073094227287478
CA,3,3,15269,12260,0.019858626452590438,0.020197327560785554
CA,3,4,443756,344287,0.5771422254303309,0.567184120221874
CA,3,7,123397,96813,0.1604882394636389,0.1594913436494561
CA,3,8,32211,25735,0.04189313096236758,0.042396266295009484
CA,4,3,336455,267776,0.4409696601130554,0.4391102219525594
CA,4,5,426534,342039,0.5590303398869446,0.5608897780474407
CA,5,4,312795,253464,0.4143600300442318,0.42861563696933314
CA,5,10,321778,243173,0.42625982431807674,0.4112132306313466
CA,5,22,120314,94718,0.15938014563769146,0.1601711323993202
CA,6,3,28677,21690,0.03768534178582552,0.037307079056951346
CA,6,6,357976,265801,0.4704274474708887,0.4571811397149251
CA,6,7,374306,293900,0.4918872107432858,0.5055117812281236
CA,7,3,10596,8572,0.014039029987293856,0.014782878625875212
CA,7,6,424906,332269,0.562973582085795,0.5730159003897493
CA,7,7,290502,217573,0.38489678080113626,0.3752164315524437
CA,7,9,28749,21446,0.038090607125774924,0.03698478943193185
CA,8,3,155753,118764,0.20551901954471322,0.20172297825215543
CA,8,5,229219,183304,0.30245879142629434,0.3113454313220597
CA,8,9,25284,19265,0.03336271461974106,0.03272197952264806
CA,8,11,347596,267415,0.4586594744092514,0.45420961090313683
CA,9,9,550766,404069,0.7121479931780597,0.7087611777458929
CA,9,10,222621,166037,0.2878520068219404,0.29123882225410713
CA,10,5,18111,14219,0.024033823316696814,0.02450056344920514
CA,10,9,171635,128738,0.22776463281769407,0.22182667819985732
CA,10,11,420751,333797,0.558348804280465,0.5751610224104599
CA,10,15,143066,103600,0.18985273958514418,0.1785117359404777
CA,11,12,707207,621273,0.9334488693659685,0.9361610755244945
CA,11,14,50421,42366,0.06655113063403148,0.06383892447550552
CA,12,13,757444,620188,1,1
CA,13,9,23192,16766,0.0303834216983641,0.030947682800095248
CA,13,10,229618,163561,0.3008184082241708,0.3019106493180472
CA,13,16,413521,293617,0.5417464179082969,0.541975771246306
CA,13,21,96980,67809,0.12705175216916828,0.12516589663555164
CA,14,13,22637,18267,0.029772207170476364,0.030766820947106737
CA,14,15,646844,505085,0.8507299366073072,0.8507067256839879
CA,14,17,90859,70372,0.11949785622221638,0.11852645336890542
CA,15,12,57820,47961,0.07622618426117816,0.07866353506162067
CA,15,14,640022,514422,0.8437640073194012,0.8437324708298206
CA,15,18,60690,47315,0.08000980841942067,0.07760399410855866
CA,16,14,64134,51971,0.08493815780586358,0.08695964995942407
CA,16,18,544316,430361,0.7208843718504451,0.7200947050506572
CA,16,19,146617,115313,0.19417747034369134,0.19294564498991876
CA,17,17,699754,555235,0.913909498988469,0.9124410861834364
CA,17,18,42098,32964,0.054981839458461926,0.054171131079544334
CA,17,19,23819,20317,0.03110866155306914,0.03338778273701924
CA,18,18,10176,8006,0.013292664607104834,0.01398252097552797
CA,18,19,325677,255642,0.42542404984749227,0.4464800933332402
CA,18,20,429682,308924,0.5612832855454029,0.5395373856912319
CA,19,18,91199,72670,0.12037294905079873,0.11953462589297317
CA,19,19,247170,193818,0.32623802691790393,0.3188105424704042
CA,19,20,321550,265093,0.42441169055893524,0.43605053779889824
CA,19,24,97718,76360,0.1289773334723621,0.1256042938377244
CA,20,4,13976,10986,0.018273652390048863,0.019246839933776575
CA,20,21,64766,46785,0.08468169509830456,0.08196462828160724
CA,20,22,288340,215451,0.3770052182417493,0.3774577562872835
CA,20,23,397735,297573,0.5200394342698973,0.5213307754973326
CA,21,16,335743,234553,0.4445849549049701,0.4421949026165613
CA,21,21,110012,78262,0.14567594874354958,0.1475447232334582
CA,21,22,309428,217614,0.40973909635148037,0.4102603741499805
CA,22,21,443656,307504,0.5680643690876778,0.5671705657983076
CA,22,22,71719,48389,0.0918301758267648,0.08925027482053666
CA,22,23,265621,186279,0.3401054550855574,0.3435791593811558
CA,23,8,656623,487016,0.8523055316144172,0.8455065494223141
CA,23,23,19247,14669,0.024982866221534564,0.025466792822978968
CA,23,25,18052,13474,0.02343174006500452,0.023392158054183557
CA,23,31,76486,60846,0.09927986209904362,0.10563449970052344
CA,24,24,639141,511518,0.8344127826292435,0.8345918393985277
CA,24,26,126836,101378,0.16558721737075657,0.16540816060147234
CA,25,8,6982,5543,0.008949733059021836,0.009536180022709288
CA,25,36,583266,436287,0.747647522544175,0.7505883769741596
CA,25,42,10185,7230,0.013055432713568805,0.012438495681794722
CA,25,51,179702,132200,0.2303473116832343,0.2274369473213364
CA,26,24,3410,2544,0.004481063891298063,0.004317953453004915
CA,26,25,117280,93348,0.15411705958106653,0.15844037693832658
CA,26,26,590822,454236,0.7763962259192094,0.7709787361160144
CA,26,30,2676,2210,0.003516518173933612,0.0037510523314232954
CA,26,33,46792,36830,0.06148913243449237,0.06251188116123076
CA,27,23,88892,66696,0.11715229719560395,0.11673384661967862
CA,27,25,616920,462330,0.8130494891093911,0.8091873471823801
CA,27,29,10662,8523,0.01405163336070208,0.014917275020083977
CA,27,30,42299,33802,0.05574658033430288,0.05916153117785739
CA,28,8,6617,5266,0.008716132287098886,0.008489837506509251
CA,28,27,662686,543951,0.8729120206752928,0.8769570075015598
CA,28,28,51853,40959,0.0683024947080155,0.066034039959953
CA,28,31,38011,30095,0.05006935232959283,0.04851911503197796
CA,29,29,668085,520117,0.8922432789775231,0.8873445363814724
CA,29,30,80685,66033,0.10775672102247687,0.11265546361852768
CA,30,27,6927,5506,0.0090586912172412,0.008403707643771931
CA,30,28,653645,561142,0.8547954700005231,0.8564608272142151
CA,30,29,2082,1707,0.002722707537793587,0.0026053630490226456
CA,30,30,23305,19450,0.030476800753256265,0.029686181197123875
CA,30,33,50618,43256,0.06619500967725062,0.0660208459569558
CA,30,34,14325,12150,0.018733326358738294,0.01854432398689229
CA,30,37,13778,11976,0.018017994455196945,0.01827875095201828
CA,31,27,32433,26079,0.04287827688369996,0.04376963667123177
CA,31,32,703204,553926,0.9296758183863765,0.9296805768146298
CA,31,38,20760,15819,0.027445904729923573,0.026549786514138404
CA,32,28,6568,5637,0.008571570262602218,0.008995853959803518
CA,32,29,30803,25035,0.040199463885343505,0.03995231575016517
CA,32,30,598095,486549,0.7805440493622219,0.7764633223857446
CA,32,33,110601,91001,0.14433986641505298,0.14522471282527585
CA,32,37,20187,18400,0.026345050074779382,0.029363795079010952
CA,33,8,49280,35685,0.06657929935014929,0.06591086656581945
CA,33,31,561060,410971,0.7580150505964846,0.7590711711761631
CA,33,35,129830,94757,0.1754056500533661,0.17501796225801744
CA,34,28,4149,3359,0.005513569973435463,0.005534447362610928
CA,34,34,651452,531380,0.8657088904156374,0.8755268352319723
CA,34,37,3721,3098,0.004944804500157473,0.00510441141094631
CA,34,40,93185,69089,0.12383273511076974,0.11383430599447049
CA,35,27,5531,4471,0.007090307520135781,0.007609992561917358
CA,35,31,85640,66353,0.10978375267120381,0.11293800860230427
CA,35,35,607702,457357,0.7790262268308723,0.7784574744220167
CA,35,39,24864,19365,0.03187369484372737,0.032960748369834404
CA,35,42,56342,39971,0.07222601813406078,0.06803377604392724
CA,36,33,488869,407574,0.6395937425998537,0.6368871172143943
CA,36,37,169884,144359,0.22226147161680032,0.22557961831214146
CA,36,43,105590,88014,0.13814478578334596,0.1375332644734642
CA,37,34,38212,33380,0.05111159561220354,0.05703769648358671
CA,37,37,521603,418405,0.6976855858398462,0.7149447991975764
CA,37,40,155668,109935,0.20821835721136034,0.18785018462921224
CA,37,43,32136,23507,0.042984461336589896,0.04016731968962471
CA,38,35,5098,4268,0.006718254993226397,0.007091232325917557
CA,38,38,488444,383587,0.6436820992372448,0.637325336036021
CA,38,39,255821,206776,0.33712646344099056,0.34355591739079866
CA,38,40,9465,7239,0.01247318232853822,0.012027514247262698
CA,39,41,738357,547203,0.979119563242687,0.9789225113375135
CA,39,42,15746,11782,0.020880436757312992,0.02107748866248647
CA,40,39,146574,114872,0.18990894155571564,0.18758164811621467
CA,40,42,11108,8733,0.014392105849611045,0.014260659978052986
CA,40,45,509785,405722,0.6605041124004292,0.6625287401369075
CA,40,46,42357,34555,0.054879944857037725,0.05642701311595339
CA,40,48,55180,43191,0.07149409441677507,0.07052927574854993
CA,40,49,6808,5311,0.0088208009204314,0.008672662904321471
CA,41,36,178414,154196,0.2423464467246405,0.2684512814441731
CA,41,41,16771,13074,0.022780680092475625,0.022761498700362644
CA,41,42,541009,407121,0.7348728731828839,0.7087872198554643
CA,42,38,70606,55108,0.0924024425674703,0.09304665840455745
CA,42,40,369385,276323,0.48341608712836043,0.46655534206145255
CA,42,44,35908,26253,0.04699298795729433,0.044326666238928045
CA,42,47,288215,234578,0.37718848234687496,0.396071333295062
CA,43,37,3310,2891,0.00439850158598539,0.005090864267098683
CA,43,43,541805,416920,0.7199788978232068,0.734169190674086
CA,43,44,207414,148069,0.2756226005908078,0.26073994505881526
CA,44,33,27225,21347,0.035869943293209944,0.03641894324158792
CA,44,38,36800,28600,0.04848535952948121,0.04879288783948164
CA,44,40,53733,39775,0.07079521259776124,0.06785794104249587
CA,44,43,45847,37012,0.060405116259459914,0.06314413862639491
CA,44,44,468838,359799,0.617711385627253,0.6138332955160019
CA,44,47,126549,99618,0.1667329826928347,0.16995279373403782
CA,45,38,94228,76085,0.12397850099008598,0.12578569562787867
CA,45,39,233028,184005,0.3066016696599499,0.3042018390485354
CA,45,46,47520,37308,0.06252343642069115,0.06167855336117366
CA,45,47,259121,204275,0.340932983349451,0.33771272884780074
CA,45,48,126138,103205,0.16596340957982197,0.17062118311461155
CA,46,39,74399,58036,0.10009417589366196,0.10198591007259353
CA,46,46,590008,449773,0.7937790095386726,0.7903802593404199
CA,46,47,44389,34379,0.05971962491086924,0.06041377080408183
CA,46,48,34494,26871,0.04640718965679613,0.047220059782904764
CA,47,45,306031,240422,0.403676779988102,0.3910445333593572
CA,47,48,452078,374398,0.596323220011898,0.6089554666406428
CA,48,36,2927,2413,0.0037450643710927605,0.004032264802656315
CA,48,42,183281,135635,0.2345060276727886,0.22665405574317832
CA,48,50,510243,393393,0.6528503176971244,0.6573828211816725
CA,48,51,15160,12282,0.019397053592677228,0.020523943765530402
CA,48,52,49803,38373,0.06372239182560052,0.06412353803246199
CA,48,53,20148,16327,0.02577914484071641,0.02728337647450048
CA,49,48,65091,53281,0.08585662730697395,0.08887054133620223
CA,49,49,683380,538035,0.9013950003693268,0.8974205008881884
CA,49,50,9665,8219,0.012748372323699178,0.01370895777560943
CA,50,49,66611,53382,0.08928980749562003,0.08761316413148376
CA,50,50,179011,135705,0.2399582310669174,0.2227257210007681
CA,50,52,394498,325571,0.528811314608805,0.5343431392501461
CA,50,53,105889,94634,0.14194064682865756,0.15531797561760208
CA,51,50,51559,38893,0.0687177546078174,0.06471327193617357
CA,51,52,307950,248601,0.4104352786415052,0.4136421493997554
CA,51,53,390792,313511,0.5208469667506774,0.521644578664071
CA,52,51,512204,391361,0.6696133607870053,0.670918756567996
CA,52,53,252721,191960,0.3303866392129947,0.329081243432004
CO,1,1,720658,585470,1,1
CO,2,2,542694,446374,0.7547375008692024,0.765739400135865
CO,2,3,57555,44756,0.08004311244002503,0.0767773942758332
CO,2,4,118801,91802,0.16521938669077255,0.1574832055883019
CO,3,3,688562,542280,0.9539419817208755,0.9536404275449228
CO,3,4,33245,26362,0.04605801827912447,0.046359572455077186
CO,4,2,107737,84945,0.1498732705111191,0.15687704880188375
CO,4,4,467385,351364,0.6501807042876578,0.64890161133939706
CO,4,5,8265,6404,0.011497466801325443,0.011826954153007987
CO,4,6,135467,98762,0.1884485583998976,0.18239438570571126
CO,5,5,722130,552307,1,1
CO,6,1,108835,86804,0.1500071671545845,0.15596745676953816
CO,6,2,854,699,0.0011770673106079401,0.0012559473328637755
CO,6,4,89,43,1.2266860731160033e-4,7.72614239100749e-5
CO,6,6,615754,469006,0.848693096927496,0.8426993344736879
CO,7,1,11263,8599,0.01563499918791845,0.014743754607959124
CO,7,2,160128,126541,0.22228546124149917,0.21696586252421857
CO,7,3,12140,9880,0.016852427429754947,0.016940143682595204
CO,7,5,102038,85878,0.14164645717276236,0.1472455120621367
CO,7,7,434802,352332,0.603580654968065,0.6041047271230904
CO,8,2,17600,13576,0.02426541957116386,0.025188879488207094
CO,8,4,251039,185320,0.3461117422571252,0.34384230603672206
CO,8,6,84324,61673,0.11625893408629666,0.1144279437740274
CO,8,7,372349,278399,0.5133639040854143,0.5165408707010435
CT,1,1,692183,551605,0.9674616297418595,0.9662803448867837
CT,1,3,18040,15093,0.02521444155742505,0.02643933475109222
CT,1,5,5240,4156,0.007323928700715481,0.007280320362124116
CT,2,1,25471,19669,0.0351143964751879,0.03339349107905339
CT,2,2,699901,569338,0.9648856035248121,0.9666065089209466
CT,3,3,697433,564031,0.9714647474157948,0.9704343487349776
CT,3,4,20486,17184,0.02853525258420518,0.02956565126502241
CT,4,4,726330,559395,1,1
CT,5,5,720860,568756,1,1
DE,1,1,989948,783543,1,1
FL,1,1,779463,613429,1,1
FL,2,1,29648,23888,0.03900970505884087,0.03901342801428054
FL,2,2,488556,394640,0.6428233089829688,0.6445185545694772
FL,2,5,241812,193774,0.3181669859581904,0.3164680174162423
FL,3,2,234991,190492,0.3047343263297948,0.30444962625440913
FL,3,3,433518,352459,0.5621824481866965,0.563309802091441
FL,3,5,54920,43223,0.0712197880005291,0.069080203869949
FL,3,11,47705,39519,0.061863437482979615,0.06316036778420088
FL,4,3,218245,166139,0.2826853979446714,0.2800465229960135
FL,4,4,206655,163791,0.2676732612992557,0.2760886971032693
FL,4,5,347142,263325,0.44964134075607287,0.4438647799007172
FL,5,4,661661,524148,0.862021525100675,0.8654491056523957
FL,5,5,105908,81489,0.13797847489932502,0.13455089434760426
FL,6,3,116319,92649,0.1494645596848265,0.14439112729154233
FL,6,4,10179,8206,0.013079546359853927,0.012788843814335786
FL,6,6,499298,414004,0.6415749423698149,0.6452147811979372
FL,6,11,152442,126794,0.1958809515855047,0.1976052476961847
FL,7,6,288516,237491,0.3799402664306822,0.3904348869668718
FL,7,7,470856,370782,0.6200597335693178,0.6095651130331282
FL,8,8,768902,633487,1,1
FL,9,7,14847,12130,0.01924445394979877,0.02037925918956743
FL,9,8,147,92,1.9053914801780958e-4,1.5456651652433667e-4
FL,9,9,549444,420382,0.7121808955339957,0.7062715364079749
FL,9,10,198300,155519,0.25703342212198393,0.26128293568856864
FL,9,15,8757,7090,0.0113506892462038,0.011911702197364642
FL,10,7,302144,251260,0.39811945270170557,0.4172132426930396
FL,10,8,14577,11507,0.01920735563847954,0.01910719089257664
FL,10,9,103270,79038,0.13607351422005776,0.13124134472646845
FL,10,10,338937,260429,0.44659967743975715,0.43243822168791535
FL,11,6,5028,3916,0.006399006295919679,0.006197899108458486
FL,11,9,4926,3989,0.00626919351903348,0.006313437064259679
FL,11,10,337365,254665,0.42935575955110233,0.4030612810152146
FL,11,11,268936,234944,0.34226793102614456,0.37184862311993633
FL,11,15,169492,134313,0.21570810960779996,0.21257875969213091
FL,12,11,348358,290151,0.4486588197717025,0.4585874007833022
FL,12,12,428085,342555,0.5513411802282975,0.5414125992166978
FL,13,12,231649,195942,0.3033615459261112,0.30345812354711266
FL,13,13,531958,449755,0.6966384540738888,0.6965418764528873
FL,14,12,6540,4913,0.008395896024402017,0.007838551056680718
FL,14,13,195500,164424,0.2509782374266964,0.26233379176545296
FL,14,14,519234,412225,0.6665802257391983,0.6576932036108709
FL,14,15,37372,28148,0.047977282297240395,0.04490932935954586
FL,14,16,20306,17064,0.0260683585124629,0.027225124207449575
FL,15,12,141508,110834,0.18573674912124577,0.18647056250399577
FL,15,14,270987,215021,0.3556847982737303,0.36175800584813034
FL,15,15,349379,268523,0.45857845260502395,0.4517714316478739
FL,16,14,20018,15162,0.02609207957184902,0.024980064715535023
FL,16,15,139800,109627,0.18221963853254536,0.1806153247968578
FL,16,16,607388,482175,0.7916882818956056,0.7944046104876071
FL,17,16,234376,200315,0.30248504520317226,0.30402072589188417
FL,17,17,480686,414467,0.6203720792168655,0.6290420497627814
FL,17,19,59773,44104,0.07714287557996219,0.0669372243453344
FL,18,9,298014,233713,0.39650717537832725,0.3960451910383873
FL,18,15,114062,90812,0.15175931814613663,0.15388812726967702
FL,18,17,299213,235648,0.39810244306131737,0.39932420181082734
FL,18,25,40309,29944,0.05363106341421877,0.050742479881108325
FL,19,19,751203,635691,0.9834211976692278,0.9834769814858649
FL,19,25,12664,10680,0.016578802330772243,0.016523018514135072
FL,20,18,42711,33669,0.0563535080589831,0.057367817521643494
FL,20,20,559474,427698,0.7381780470555949,0.7287445667638445
FL,20,21,60,37,7.91648634669988e-5,6.304343010783834e-5
FL,20,22,63540,50463,0.08383559041155174,0.0859827192846445
FL,20,23,92127,75030,0.12155368961040332,0.12784185299975975
FL,21,18,756005,618112,0.9801355326599483,0.9790058713870063
FL,21,20,13992,11999,0.018140166232998457,0.019004794358906944
FL,21,21,1330,1256,0.0017243011070531694,0.0019893342540867674
FL,22,20,47879,35932,0.06212025476583107,0.05729557000577229
FL,22,21,718143,587167,0.9317493288978095,0.9362703983518674
FL,22,22,4725,4035,0.006130416336359402,0.006434031642360325
FL,23,20,13354,10277,0.017211779384015757,0.016115071362936433
FL,23,21,71704,57225,0.09241825887011125,0.08973289469145056
FL,23,22,690806,570224,0.890369961745873,0.894152033945613
FL,24,20,52277,40212,0.06766495898191269,0.06533628396229174
FL,24,23,78350,64275,0.10141265826717026,0.10443374245688605
FL,24,24,550348,431992,0.7123452923040283,0.7018987362339186
FL,24,27,91611,78983,0.11857709044688876,0.12833123734690363
FL,25,20,82444,62663,0.10641972567657924,0.10254098333829705
FL,25,22,27208,21636,0.0351204198754108,0.0354048914911095
FL,25,23,601599,476095,0.7765513627104992,0.7790761607718515
FL,25,24,63455,50708,0.08190849173751075,0.08297796439874194
FL,26,19,24125,20822,0.03135649836621271,0.033428536108823355
FL,26,24,109350,88528,0.14212779673970402,0.14212666624925147
FL,26,25,610716,492926,0.7937788707241434,0.7913646426845578
FL,26,27,25187,20605,0.032736834169939874,0.03308015495736746
FL,27,24,15885,13633,0.020818780282904747,0.021612409736919285
FL,27,25,54337,45391,0.07121372768222822,0.07195840169944277
FL,27,26,69780,57151,0.09145322556758535,0.09060154249795893
FL,27,27,623011,514620,0.8165142664672816,0.815827646065679
FL,28,25,53216,44546,0.06898929950244112,0.07291005152445611
FL,28,26,718150,566426,0.9310107004975589,0.9270899484755439
GA,1,4,27775,23095,0.03639172299576926,0.03722574322538217
GA,1,5,682628,556174,0.8944017672423394,0.896470686842767
GA,1,11,28040,22262,0.03673893475432475,0.035883069741652215
GA,1,13,24780,18873,0.0324675750075666,0.030420500190198645
GA,2,6,62474,50399,0.08132136478894507,0.08436052117089371
GA,2,11,683270,530396,0.8894011735976965,0.887804976030424
GA,2,13,22492,16629,0.029277461613358396,0.027834502798682343
GA,3,4,552841,422532,0.7221827425755767,0.7185979472614563
GA,3,5,16364,13589,0.021376486909449075,0.023110740737591305
GA,3,6,196309,151874,0.25644077051497427,0.2582913120009524
GA,4,4,198425,145781,0.2617889117866689,0.2595699977743156
GA,4,6,17659,13099,0.023298124698202274,0.02332339194302248
GA,4,7,489093,364852,0.6452771789465908,0.6496363231693746
GA,4,10,52781,37893,0.0696357845685381,0.06747028711328734
GA,5,6,494989,379195,0.6467012278450913,0.6588611212949432
GA,5,7,193151,138910,0.2523510398402939,0.24135971824280533
GA,5,9,58132,42283,0.07594923478519897,0.07346780625196557
GA,5,11,19134,15143,0.024998497529415763,0.026311354210285805
GA,6,7,185954,138951,0.24100667209281829,0.23144381927024515
GA,6,9,562801,444136,0.7294212335336171,0.7397754036704277
GA,6,10,10195,7373,0.01321328404866947,0.012280842019701315
GA,6,14,12622,9906,0.01635881032489515,0.016499935039625827
GA,7,3,12941,9427,0.016888699801109817,0.01590289902747202
GA,7,9,143388,108269,0.18712903848864343,0.1826446350700507
GA,7,10,609923,475089,0.7959822617102468,0.8014524659024773
GA,8,2,671399,516902,0.8750286724150514,0.8748343507819997
GA,8,3,71439,55308,0.09310584813003722,0.09360640561083308
GA,8,8,24450,18647,0.031865479454911326,0.03155924360716721
GA,9,3,679127,518793,0.8852239562762895,0.8868650572504078
GA,9,13,88054,66181,0.11477604372371057,0.1131349427495923
GA,10,1,745725,574647,0.9758639777326743,0.9762863040578996
GA,10,12,18444,13958,0.024136022267325682,0.02371369594210039
GA,11,1,1784,1367,0.0023419664904503167,0.002354635289902628
GA,11,2,2776,2254,0.0036442258842433175,0.0038824783785226945
GA,11,8,691851,527444,0.9082353466281065,0.9085137204443319
GA,11,12,65342,49492,0.08577846099719988,0.08524916588724277
GA,12,1,7314,5478,0.009542497645035787,0.009317308967952404
GA,12,8,8877,7026,0.011581727043339169,0.011950239651119675
GA,12,10,101429,78296,0.13233333246354045,0.13317050437291006
GA,12,12,648846,497138,0.8465424428480846,0.8455619470080179
GA,13,11,47400,36045,0.06199806419546394,0.062248832996285274
GA,13,14,717140,543002,0.9380019358045361,0.9377511670037147
GA,14,5,84804,62488,0.11124024398242277,0.10921306054536621
GA,14,11,9715,7119,0.012743490522725782,0.012442193349482492
GA,14,13,667831,502559,0.8760162654948515,0.8783447461051513
HI,1,1,730890,588720,1,1
HI,2,1,3435,2786,0.0047419797040507685,0.004911977573454869
HI,2,2,720946,564399,0.9952580202959492,0.9950880224265451
ID,1,1,919703,692469,1,1
ID,2,1,35188,26817,0.03827266171635289,0.03921009575527356
ID,2,2,884215,657114,0.9617273382836471,0.9607899042447264
IL,1,1,516161,403633,0.6801391478511803,0.6804125970553827
IL,1,2,102100,79784,0.13453594323400161,0.1344935588603178
IL,1,3,76824,59340,0.10123006173368208,0.10003068012096733
IL,1,7,17655,14529,0.023263781369209584,0.024491839424966876
IL,1,11,18411,14136,0.02425995348561414,0.02382935109858433
IL,1,16,27754,21796,0.03657111232631225,0.036741973439780994
IL,2,1,20975,17331,0.027996903322254702,0.030022346562267224
IL,2,2,578405,444352,0.7720404703746713,0.769747258648466
IL,2,7,3916,3100,0.005226978470081021,0.005370104110728082
IL,2,15,87256,66675,0.11646711782057956,0.11550054567186932
IL,2,16,58638,45812,0.0782685300124134,0.07935974500666933
IL,3,4,327167,258595,0.43375374037644393,0.4387517221253232
IL,3,5,146482,117048,0.1942039245945412,0.19859243825798964
IL,3,6,116188,89746,0.15404053461033132,0.15226981207625537
IL,3,7,28478,21735,0.03775576087576183,0.03687723536956979
IL,3,8,120657,90958,0.15996547650771806,0.1543261824129436
IL,3,14,15297,11306,0.020280563035203623,0.019182609757918384
IL,4,1,9427,6930,0.012496354622338874,0.012283814611889952
IL,4,3,263039,197495,0.3486823616744877,0.3500709908766531
IL,4,4,356767,264752,0.4729274371006654,0.46928780463594355
IL,4,5,72442,55093,0.09602852673718816,0.09765543988641459
IL,4,6,14249,10138,0.01888835865213818,0.01797017496902458
IL,4,7,38456,29749,0.05097696121318169,0.0527317750200742
IL,5,4,539,431,7.146247490858372e-4,6.960571832778317e-4
IL,5,5,439631,367005,0.5828779092121626,0.5927064189069157
IL,5,6,102113,79303,0.13538492950538422,0.1280729067412573
IL,5,7,31119,29303,0.04125864112579252,0.04732381355357379
IL,5,8,8919,7098,0.011825117137470467,0.01146314126892355
IL,5,9,130306,102191,0.17276417913613934,0.1650366116388513
IL,5,10,41615,33871,0.05517459913396496,0.054701050707200556
IL,6,1,123762,99155,0.1636548282419027,0.1666389369257633
IL,6,3,313962,244417,0.41516295134600484,0.4107648534777297
IL,6,5,27396,20782,0.03622669053922178,0.03492602881540227
IL,6,6,176918,139319,0.23394486920784197,0.23413816805567458
IL,6,8,64559,50359,0.08536862733689658,0.0846328498274874
IL,6,11,49641,40997,0.06564203332813215,0.06889916289794279
IL,7,1,32912,24215,0.044124882856962824,0.04024571241475936
IL,7,3,22879,18540,0.03067371156066032,0.030813772792469073
IL,7,4,17276,14226,0.023161809559944388,0.023643836663735977
IL,7,5,41307,35871,0.05537999927602587,0.05961816849183701
IL,7,7,631509,508827,0.8466595967464066,0.8456785096371986
IL,8,5,4514,3671,0.006001063546929008,0.006273615779912467
IL,8,6,169676,130197,0.2255729859080032,0.22250230283227007
IL,8,8,502471,391316,0.6680018612071258,0.6687459091615982
IL,8,9,47863,38842,0.06363068332890189,0.06637967423681831
IL,8,10,4423,3692,0.0058800850837543205,0.006309504075030462
IL,8,14,23253,17431,0.030913320925285828,0.029788993914370527
IL,9,5,12212,10747,0.016184974162621085,0.017679476212410346
IL,9,6,109666,85002,0.14534403672764526,0.13983351977363953
IL,9,8,14455,11854,0.019157697471395986,0.0195005593209186
IL,9,9,533459,433533,0.7070111473810745,0.7131884582483385
IL,9,10,75024,58924,0.09943182947727516,0.09693360531683885
IL,9,14,9711,7820,0.012870314779987992,0.012864381127854181
IL,9,NA,0,0,0,0
IL,10,8,5123,4115,0.006795060549387874,0.007144729828509121
IL,10,9,34313,24734,0.04551218282864457,0.04294477462414207
IL,10,10,599441,456893,0.7950884034326794,0.7932872528644029
IL,10,14,115053,90207,0.15260435318928814,0.1566232426829459
IL,10,NA,0,0,0,0
IL,11,3,11878,9675,0.015762890456006432,0.016847974673184118
IL,11,6,43472,33672,0.05769021501124025,0.05863617604087397
IL,11,10,2514,1969,0.003336244031520473,0.0034288022874934916
IL,11,11,337729,256618,0.448188687558225,0.44687271986389276
IL,11,14,323182,246369,0.42888385783406896,0.4290251857630696
IL,11,16,34767,25950,0.04613810510893885,0.04518914137148609
IL,12,12,403531,315479,0.533306989419262,0.533095522544429
IL,12,15,353127,276308,0.4666930105807379,0.466904477455571
IL,13,12,268576,208222,0.3562450590788266,0.3493054052739208
IL,13,13,424088,340303,0.562519564721425,0.5708795292088783
IL,13,15,4099,3166,0.005437002923433629,0.005311162668196603
IL,13,18,57145,44412,0.07579837327631488,0.07450390284900428
IL,14,1,1937,1592,0.0025728965209444667,0.0028226449885640327
IL,14,3,42888,33861,0.05696767474975028,0.060036169571461497
IL,14,11,304252,225250,0.40413469916902217,0.3993723515540505
IL,14,14,249758,181606,0.33175089792361806,0.32199074484494955
IL,14,16,154013,121701,0.20457383163666504,0.21577808904097445
IL,15,12,2732,2164,0.0036295663518473987,0.0036605190020518527
IL,15,13,211623,167785,0.2811492386811867,0.2838170890754483
IL,15,15,236099,183258,0.3136665395698459,0.3099904765610067
IL,15,17,27091,21551,0.035991428271558525,0.03645464187302194
IL,15,18,275162,216415,0.3655632271255615,0.36607727348847124
IL,16,13,9453,7259,0.012472654631625892,0.012405472147929145
IL,16,14,15054,11276,0.019862831146143678,0.019270437242051117
IL,16,16,355972,277523,0.46968325553042756,0.47428073383520325
IL,16,17,108448,84967,0.1430904950270353,0.14520674362764785
IL,16,18,268971,204120,0.3548907636647676,0.34883661314716863
IL,17,13,47966,39846,0.06385394770648431,0.06775643325618924
IL,17,16,61433,47735,0.08178166971297274,0.0811713432084574
IL,17,17,538319,417716,0.7166283049536532,0.7103083439753638
IL,17,18,103465,82780,0.13773607762688986,0.1407638795599896
IN,1,1,726991,559836,0.9632936836567982,0.9632730595115807
IN,1,2,27702,21345,0.0367063163432018,0.03672694048841927
IN,2,1,5211,4067,0.006916708809346517,0.007126748173628403
IN,2,2,695520,526156,0.9231835177656283,0.9220017978961461
IN,2,3,40245,30758,0.05341833545042229,0.053898333003310164
IN,2,4,12417,9686,0.016481437974602896,0.016973120926915348
IN,3,2,8659,6819,0.01148064373278036,0.012096666897282109
IN,3,3,718669,535981,0.9528563056696534,0.9508115002598858
IN,3,5,9377,7395,0.012432613036410836,0.013118470700308138
IN,3,6,17521,13514,0.02323043756115541,0.02397336214252389
IN,4,4,71686,55855,0.09522000515377647,0.09733837786216307
IN,4,5,569257,427684,0.7561400339511667,0.7453239065007851
IN,4,6,111903,90284,0.14863996089505688,0.15733771563705184
IN,5,4,670845,515336,0.8888448706703518,0.8918347356871649
IN,5,5,36298,25468,0.04809351059572991,0.04407463683592979
IN,5,9,47595,37034,0.06306161873391826,0.06409062747690529
IN,6,5,189937,152730,0.2525042773788807,0.2648109842895808
IN,6,7,562276,424021,0.7474957226211193,0.7351890157104193
IN,7,6,367984,284305,0.48756457530351555,0.4976370096795085
IN,7,7,224990,165691,0.2981030528434333,0.29001942903152406
IN,7,9,161765,121314,0.21433237185305118,0.21234356128896745
IN,8,6,226132,174572,0.2996709519335384,0.2949060575243514
IN,8,9,528469,417386,0.7003290480664616,0.7050939424756486
IN,9,4,9922,7772,0.013157772594118123,0.013277707733256797
IN,9,8,715369,555417,0.9486658559646933,0.9488760416986992
IN,9,9,28788,22153,0.038176371441188524,0.03784625056804398
IA,1,1,56793,44256,0.07120629300487472,0.07156509843111762
IA,1,2,688388,535066,0.863091536440049,0.8652397631314258
IA,1,3,52403,39080,0.06570217055507634,0.06319513843745654
IA,2,1,683282,528058,0.856684332406791,0.8555342775579772
IA,2,4,114307,89168,0.14331566759320905,0.14446572244202285
IA,3,2,96965,73339,0.1215784319748831,0.12203681455276409
IA,3,3,691815,520801,0.867424152185879,0.8666179666465876
IA,3,4,8771,6818,0.010997415839237867,0.011345218800648298
IA,4,1,40105,30017,0.050279259570360245,0.0489261096269541
IA,4,3,114756,87856,0.14386851293495226,0.14320059590850784
IA,4,4,642784,495644,0.8058522274946874,0.807873294464538
KS,1,1,602775,459714,0.8205150892285913,0.8125701498710568
KS,1,2,131835,106027,0.17945768618215974,0.18740863945926933
KS,1,4,20,12,2.7224589249009706e-5,2.1210669673868278e-5
KS,2,1,95576,71764,0.13005395328584354,0.12927166251456837
KS,2,2,526327,402416,0.7161934698154158,0.7248897127036195
KS,2,3,112992,80961,0.15375257689874064,0.1458386247818122
KS,3,2,54845,41989,0.07470656101909856,0.0755052534853904
KS,3,3,679294,514118,0.9252934389809014,0.9244947465146096
KS,4,1,2422,1826,0.003298756769125162,0.0033060843902483184
KS,4,4,731794,550489,0.9967012432308748,0.9966939156097517
KY,1,1,652831,504276,0.8699761860658501,0.8676776001885822
KY,1,2,42208,33266,0.056247259798427776,0.057238819709590334
KY,1,6,55362,43637,0.0737765541357221,0.07508358010182749
KY,2,1,66308,51159,0.08821048766665514,0.08912655660936161
KY,2,2,652048,497135,0.867428848133968,0.8660828147539041
KY,2,3,7244,5684,0.009636797560735504,0.0099023700183274
KY,2,4,26102,20026,0.034723866638641375,0.03488825861840684
KY,3,3,749608,588653,0.9999799899416106,0.9999779161697805
KY,3,4,15,13,2.0010058389350382e-5,2.2083830219513273e-5
KY,4,2,31338,23938,0.04166849493204836,0.04195652212015571
KY,4,4,708185,536749,0.9416364504260856,0.9407687063025925
KY,4,5,3178,2494,0.00422561991492915,0.004371274382474239
KY,4,6,9378,7362,0.01246943472693693,0.012903497194777607
KY,5,4,39241,30956,0.052363643157004196,0.0529583344025593
KY,5,5,690203,538312,0.9210148466627702,0.920923469082262
KY,5,6,19950,15267,0.026621510180225624,0.026118196515178733
KY,6,2,53054,41091,0.07049082094024078,0.07024426768414953
KY,6,6,699583,543882,0.9295091790597593,0.9297557323158505
LA,1,1,760432,589491,0.9795998289250619,0.9799387923711557
LA,1,2,6641,5215,0.008555035116738033,0.008669141347731477
LA,1,5,2658,2032,0.003424075190526983,0.0033778897830470493
LA,1,6,6537,4821,0.00842106076767302,0.008014176498065859
LA,2,1,1429,1192,0.0018413358640426663,0.001986653422310518
LA,2,2,770550,595776,0.9928910777033426,0.9929533803107979
LA,2,6,4088,3036,0.00526758643261471,0.005059966266891554
LA,3,3,776275,586488,1,1
LA,4,3,3382,2461,0.004356377997586087,0.004163459342406889
LA,4,4,729205,555563,0.9392940915818341,0.9398878352887438
LA,4,5,43746,33071,0.05634953042057983,0.05594870536884934
LA,5,1,46442,35912,0.05982658252144531,0.06011493348555129
LA,5,5,691348,531368,0.8905944656353337,0.8894840715178887
LA,5,6,38487,30109,0.04957895184322091,0.050400994996560033
LA,6,1,4405,3303,0.005672620879623251,0.005560484366503763
LA,6,2,675,515,8.69243835129556e-4,8.669843925974684e-4
LA,6,3,6167,4621,0.007941669231472551,0.007779291025617284
LA,6,6,765290,585574,0.9855164660537746,0.9857932402152815
ME,1,1,667538,546214,0.9774732692752613,0.9780017905102955
ME,1,2,15384,12286,0.022526730724738698,0.021998209489704566
ME,2,1,38416,31456,0.056540930211336736,0.05702838184504655
ME,2,2,641021,520129,0.9434590697886632,0.9429716181549535
MD,1,1,650167,512793,0.8408781686497672,0.8432777773209779
MD,1,2,107500,83152,0.13903259182617692,0.13674179198973846
MD,1,7,15533,12150,0.020089239524055873,0.019980430689283745
MD,2,1,93911,73639,0.12202303223551454,0.12158632349930323
MD,2,2,343354,269584,0.4461361950164822,0.44511369565360964
MD,2,3,153285,122371,0.19917049649371052,0.20204837101173612
MD,2,7,91839,71785,0.1193307840133469,0.11852515966264456
MD,2,8,87228,68273,0.11333949224094582,0.11272645017270644
MD,3,2,121661,91928,0.15791085884577793,0.15524051573463477
MD,3,3,306964,237615,0.3984263558143972,0.40126485016844965
MD,3,4,148165,114909,0.1923119356316707,0.1940489559497775
MD,3,7,173984,132606,0.2258239112404454,0.2239342075266184
MD,3,8,19667,15107,0.025526938467708753,0.02551147062051962
MD,4,3,36230,27611,0.0464832824407893,0.04553430368516008
MD,4,4,519658,399791,0.6667239742372534,0.659309869421384
MD,4,5,223532,178976,0.28679274332195737,0.2951558268934559
MD,5,2,30200,23344,0.03937459582368525,0.039476443332093214
MD,5,3,33840,25968,0.044120408035546656,0.04391382284303447
MD,5,4,131105,101329,0.17093398627365083,0.17135488889640477
MD,5,5,571847,440699,0.7455710098671172,0.7452548449284675
MD,6,6,638192,492558,0.8186923848595172,0.8190911403898249
MD,6,8,141334,108789,0.1813076151404828,0.18090885961017517
MD,7,2,182183,137713,0.23709735563627277,0.22506279754268355
MD,7,3,163896,133607,0.21329821223364728,0.21835240820609034
MD,7,7,422310,340567,0.5496044321300799,0.5565847942512261
MD,8,3,79838,61329,0.10373434818142012,0.10249892201397873
MD,8,6,153404,118600,0.19931942118317808,0.19821572422276373
MD,8,8,536397,418409,0.6969462306354018,0.6992853537632575
MA,1,1,712241,569550,0.9135628439131382,0.912746235552792
MA,1,2,67389,54446,0.08643715608686171,0.08725376444720799
MA,2,1,18593,15612,0.023778829896894033,0.02489531275414364
MA,2,2,687170,553905,0.8788306642418475,0.8832717275867238
MA,2,4,31873,23661,0.040762794885371025,0.03773046343042484
MA,2,5,44278,33928,0.056627710975887376,0.05410249622870775
MA,3,2,3507,2715,0.00448328452045986,0.00443265306122449
MA,3,3,754480,589753,0.9645134031926303,0.9628620408163265
MA,3,6,24252,20032,0.031003312286909755,0.03270530612244898
MA,4,2,22195,17520,0.028335899458943267,0.028375870144762286
MA,4,4,696989,550173,0.8898315038517418,0.8910752057736474
MA,4,5,4401,3227,0.005618666074287421,0.005226537269243602
MA,4,8,3506,2836,0.004476038004192615,0.004593262998318827
MA,4,9,56191,43670,0.07173789261083492,0.07072912381402792
MA,5,3,14546,11261,0.018645012850010575,0.01786130642426511
MA,5,4,22146,16584,0.02838666675211977,0.026304227487790835
MA,5,5,740397,599993,0.9490383321263083,0.9516613822408397
MA,5,7,3066,2631,0.003929988271561421,0.004173083847104298
MA,6,3,28668,21808,0.03669175241898326,0.034943957954445305
MA,6,6,752652,602277,0.9633082475810167,0.9650560420455547
MA,7,5,3340,2963,0.004283391214687671,0.004536692394494724
MA,7,7,773559,648082,0.992052642108557,0.9922877760408134
MA,7,8,2857,2074,0.0036639666767552927,0.0031755315646918862
MA,8,4,25058,20209,0.03201657942112573,0.03167644228207065
MA,8,7,24760,21573,0.03163582514434803,0.0338144336360587
MA,8,8,732839,596200,0.9363475954345263,0.9345091240818707
MA,9,8,60158,47726,0.07722821593809213,0.07491837247268618
MA,9,9,718806,589314,0.9227717840619079,0.9250816275273138
MI,1,1,671739,548113,0.8672904460276349,0.8666544390280925
MI,1,4,62548,51101,0.08075648848456991,0.08079886535946885
MI,1,5,40239,33233,0.051953065487795116,0.052546695612438674
MI,2,1,31909,26352,0.04106623698702596,0.043313538274920654
MI,2,2,179577,140182,0.2311119633777041,0.23041053515691132
MI,2,3,232339,177874,0.29901558918576654,0.292363096050138
MI,2,4,327426,259554,0.42139063310395064,0.42661665579116403
MI,2,7,5762,4439,0.007415577345552777,0.007296174726865998
MI,3,2,388927,301337,0.5011836080910599,0.5041305860781349
MI,3,3,387090,296399,0.4988163919089401,0.4958694139218652
MI,4,2,190662,143035,0.24662648108863247,0.24123990582139798
MI,4,3,87726,67191,0.11347596626481089,0.11332296649103751
MI,4,6,494692,382690,0.6398975526465567,0.6454371276875646
MI,5,3,46584,36456,0.060086135843887487,0.060067719532389215
MI,5,6,225696,175649,0.2911128395033065,0.28941285023438207
MI,5,7,503007,394810,0.648801024652806,0.6505194302332287
MI,6,7,104231,81966,0.13469931054981552,0.13255149416774073
MI,6,11,231634,179886,0.2993441500119539,0.29090303393917244
MI,6,12,437940,356519,0.5659565394382305,0.5765454718930868
MI,7,4,147222,115080,0.18984653356183726,0.18824961231179946
MI,7,7,103413,81539,0.13335370783734957,0.13338273495213604
MI,7,8,478766,380460,0.6173809993565268,0.6223622480026697
MI,7,11,46078,34237,0.05941875924428643,0.05600540473339484
MI,8,4,160665,126646,0.20719418337133366,0.2088028041296943
MI,8,5,614767,479888,0.7928058166286663,0.7911971958703057
MI,9,5,13854,10832,0.017939298510496964,0.017910260204731205
MI,9,8,178791,137767,0.23151329002383877,0.2277919883331983
MI,9,10,554425,435977,0.7179150842126663,0.7208697851992335
MI,9,11,25201,20217,0.03263232725299798,0.03342796626283704
MI,10,8,82324,64086,0.10619464460319548,0.10331918900095442
MI,10,9,513271,410340,0.6620989192717404,0.661548481956303
MI,10,10,172612,139906,0.222662528475861,0.2255558851600588
MI,10,11,7011,5940,0.009043907649203192,0.009576443882683725
MI,11,9,192267,158723,0.2470361495319898,0.2535276284305927
MI,11,11,352352,282318,0.4527229392454018,0.45094543955991295
MI,11,14,233676,185017,0.3002409112226084,0.2955269320094943
MI,12,9,14873,11459,0.019185175056821553,0.01922322018714918
MI,12,11,95535,78430,0.12323375909725322,0.1315714424712549
MI,12,12,109976,79260,0.14186168305311686,0.1329638216278422
MI,12,13,412890,313669,0.5326004793391415,0.5262002140573258
MI,12,14,141960,113284,0.18311890345366688,0.19004130165642794
MI,13,12,198124,156366,0.25542173645113797,0.2638015591970186
MI,13,13,261676,199175,0.3373530632714259,0.3360236595747553
MI,13,14,315874,237200,0.40722520027743614,0.40017478122822614
MN,1,1,643026,494666,0.901628333821754,0.9005946117181839
MN,1,2,70157,54600,0.09837166617824597,0.0994053882818161
MN,2,1,40258,30476,0.05570222045117443,0.05626220743689055
MN,2,2,661801,496726,0.9156884394855106,0.9170134286421084
MN,2,4,20677,14476,0.028609340063314958,0.026724363921001037
MN,3,3,671188,515984,0.9441516971683382,0.9426207496259543
MN,3,5,21781,17264,0.03063905808212241,0.031538583796285304
MN,3,6,17921,14145,0.02520924474953931,0.025840666577760404
MN,4,4,703942,542960,1,1
MN,5,5,714223,572519,1,1
MN,6,3,66356,48618,0.09297685386929491,0.0920087962665072
MN,6,6,647327,479788,0.9070231461307051,0.9079912037334928
MN,7,1,7442,5689,0.010421465810954442,0.010432024058385595
MN,7,6,25409,19412,0.03558170179932026,0.03559614185645652
MN,7,7,621057,474283,0.8697022698406253,0.8697014706421682
MN,7,8,60195,45956,0.08429456254910006,0.0842703634429897
MN,8,4,1866,1534,0.002614419377527202,0.0027321090492652337
MN,8,6,43695,33211,0.061220286549330705,0.059149982813003696
MN,8,7,52433,39272,0.07346294277700095,0.06994484131860773
MN,8,8,615740,487454,0.8627023512961411,0.8681730668191233
MS,1,1,739366,569313,0.9986843882540455,0.9986195404315032
MS,1,3,974,787,0.0013156117459545615,0.001380459568496755
MS,2,2,675833,519999,0.9105757985675097,0.9070308984158326
MS,2,3,66371,53299,0.08942420143249026,0.0929691015841674
MS,3,1,19181,14835,0.02597594303466619,0.02618845448398947
MS,3,2,2374,1836,0.0032149986322036147,0.003241119139373419
MS,3,3,679664,521597,0.9204375865029645,0.9207832351523731
MS,3,4,37195,28203,0.050371471830165736,0.04978719122426391
MS,4,4,740321,567730,1,1
MO,1,1,692678,547997,0.8982996995197763,0.8973098568717446
MO,1,2,78421,62714,0.10170030048022369,0.10269014312825543
MO,2,1,22066,17990,0.029012985237116005,0.030351599406127684
MO,2,2,547172,429044,0.7194368330537133,0.7238561209339992
MO,2,3,191318,145686,0.25155018170917065,0.24579227965987313
MO,3,2,107187,83396,0.13762142840635086,0.1371180159353903
MO,3,3,455520,354190,0.5848592932693418,0.5823520320417753
MO,3,4,137707,109727,0.17680720648542603,0.18041091340762833
MO,3,8,78440,60893,0.10071207183888123,0.10011903861520603
MO,4,3,16228,12903,0.021153041499222466,0.021960459939137717
MO,4,4,585613,450316,0.7633408979223667,0.7664222644309648
MO,4,5,107053,80878,0.13954255309442093,0.13765156002151285
MO,4,6,26758,19551,0.03487879494923557,0.03327512611563834
MO,4,7,31519,23908,0.04108471253475431,0.040690589492746225
MO,5,5,650646,508036,0.846525146758816,0.8512681824198767
MO,5,6,117962,88763,0.15347485324118407,0.1487318175801233
MO,6,3,59574,44385,0.07733980363214327,0.0753519309515887
MO,6,4,43549,33532,0.05653592352999978,0.05692691108862616
MO,6,5,29377,22456,0.038137634056828025,0.03812330655511718
MO,6,6,637789,488663,0.827986638781029,0.829597851404668
MO,7,4,9515,6473,0.012355393846845057,0.01086916368057118
MO,7,7,760594,589065,0.987644606153155,0.9891308363194288
MO,8,2,49425,38548,0.06433645263704608,0.06478154630062213
MO,8,3,77043,57969,0.10028676419860276,0.09741935917559315
MO,8,8,641759,498529,0.8353767831643512,0.8377990945237848
MT,1,0,542491,432307,1,1
MT,2,0,541734,417816,1,1
NE,1,1,583030,443053,0.8973502594948009,0.8998192452983468
NE,1,2,66694,49327,0.10264974050519914,0.10018075470165319
NE,2,1,54555,40893,0.08322705249154838,0.08222706598192706
NE,2,3,600941,456425,0.9167729475084516,0.9177729340180729
NE,3,1,22278,16618,0.033945669862437605,0.034163259180682075
NE,3,2,634006,469811,0.9660543301375624,0.9658367408193179
NV,1,1,397629,304605,0.5158171525233761,0.5086838897146007
NV,1,3,345233,273896,0.4478473728452973,0.45740051101351015
NV,1,4,28010,20309,0.0363354746313266,0.033915599271889245
NV,2,2,758820,596222,0.9762429787748653,0.9759332160248803
NV,2,4,18466,14703,0.023757021225134636,0.024066783975119695
NV,3,1,179499,144526,0.2320628628830513,0.23524873281528239
NV,3,3,506708,398992,0.6550906084476524,0.6494496658278451
NV,3,4,87286,70836,0.1128465286692963,0.11530160135687242
NV,4,1,125728,95276,0.16057974642479914,0.16169385154021218
NV,4,3,3695,3324,0.004719252378464883,0.005641193611399148
NV,4,4,653540,490637,0.834701001196736,0.8326649548483886
NH,1,1,688764,560816,1,1
NH,2,1,8973,7536,0.013027665459191451,0.013460411814297758
NH,2,2,679792,552328,0.9869723345408086,0.9865395881857022
NJ,1,1,739308,578567,0.9554943237039641,0.9544963367092909
NJ,1,2,34436,27582,0.0445056762960359,0.04550366329070905
NJ,2,1,13861,10494,0.017861307801838835,0.017075409067833013
NJ,2,2,695890,550545,0.8967250188457995,0.8958243839575116
NJ,2,3,66284,53529,0.08541367335236169,0.08710020697465537
NJ,3,2,2048,1697,0.0026334603772226253,0.0027642488312619113
NJ,3,3,432394,341443,0.5560021808343749,0.5561776156114089
NJ,3,4,232718,183487,0.2992449375324682,0.2988825723640273
NJ,3,6,41502,32004,0.05336614871850263,0.05213141991497125
NJ,3,12,69022,55279,0.08875327253743166,0.0900441432783307
NJ,4,3,257219,210770,0.3322156969362728,0.35715919739582364
NJ,4,4,495211,362203,0.6395984258375492,0.6137691928374982
NJ,4,6,21823,17156,0.028185877226178005,0.029071609766678132
NJ,5,5,603513,475031,0.7806473477317736,0.7781053797152157
NJ,5,9,150486,119610,0.19465445942467466,0.19592233868471098
NJ,5,11,19094,15856,0.02469819284355181,0.025972281600073383
NJ,6,4,69648,55132,0.08998530994466358,0.09017632241813602
NJ,6,6,693219,547249,0.8956398830480379,0.8951045176485982
NJ,6,12,11126,8999,0.014374807007298516,0.014719159933265726
NJ,7,5,80562,65349,0.10414689829382244,0.10731634419267642
NJ,7,7,558980,438572,0.7226239816325423,0.7202243906604613
NJ,7,10,44869,35955,0.05800460737749211,0.059045420059185005
NJ,7,11,57486,45328,0.07431529251158954,0.07443779169636318
NJ,7,12,31645,23734,0.04090922018455365,0.03897605339131406
NJ,8,8,732679,579977,0.9348471818532119,0.9347351693549427
NJ,8,10,51063,40495,0.0651528181467881,0.06526483064505731
NJ,9,5,63167,50208,0.08209519700144001,0.0837928410259149
NJ,9,8,31961,24836,0.04153821760354338,0.04144915152405239
NJ,9,9,640771,496598,0.832780114265514,0.8287794229562477
NJ,9,11,33537,27550,0.043586471129502646,0.04597858449378497
NJ,10,7,68686,54814,0.08951135344773661,0.09235751426289558
NJ,10,8,19495,14328,0.02540581538397381,0.024141614630546353
NJ,10,10,623858,480474,0.8130095498238078,0.8095629639863993
NJ,10,11,55305,43882,0.07207328134448175,0.07393790712015878
NJ,11,7,40170,29831,0.05202896110456306,0.04904405925862599
NJ,11,8,38222,30732,0.04950587381973137,0.05052536050203124
NJ,11,10,97302,74901,0.1260274327457355,0.12314200269955232
NJ,11,11,596376,472785,0.77243773232997,0.7772885775397904
NJ,12,6,8480,6758,0.010955251415268622,0.011182669014177731
NJ,12,7,91242,69449,0.11787488792829477,0.11491938152791199
NJ,12,12,674336,528121,0.8711698606564366,0.8738979494579103
NM,1,1,526603,426917,0.7485313035258665,0.7595252666861181
NM,1,2,55518,43613,0.07891516172363063,0.07759160552515282
NM,1,3,121394,91554,0.17255353475050283,0.1628831277887291
NM,2,1,167918,123810,0.2372718499144415,0.23107847821542687
NM,2,2,516962,395908,0.7304787460276415,0.7389210738495535
NM,2,3,22823,16074,0.03224940405791695,0.03000044793501956
NM,3,2,141554,102622,0.20041511870242842,0.1896498513249543
NM,3,3,564750,438491,0.7995848812975715,0.8103501486750457
NY,1,1,536079,433080,0.6900977837737636,0.6931797628898816
NY,1,3,240737,191693,0.3099022162262363,0.3068202371101184
NY,2,1,204240,161682,0.2628527450634674,0.2642057013996127
NY,2,2,572773,450273,0.7371472549365325,0.7357942986003873
NY,3,2,124151,99243,0.15989835620919662,0.15973134270704573
NY,3,3,498460,397859,0.6419838312702769,0.6403529949526164
NY,3,4,94052,75004,0.12113281566952631,0.12071873712402142
NY,3,5,19504,16042,0.02511987450366224,0.025819556036258757
NY,3,6,40270,33164,0.0518651223473379,0.053377369180057685
NY,4,2,31232,24927,0.0401868834191791,0.040878744594353034
NY,4,4,657403,515045,0.8458945222982389,0.8446420752436539
NY,4,5,88534,69807,0.11391859428258204,0.11447918016199311
NY,5,5,670719,530799,0.8655566725470029,0.8630583345934529
NY,5,6,48570,39382,0.06267913624872402,0.06403358584503618
NY,5,7,14017,10992,0.018088808993172015,0.017872560449155396
NY,5,8,41593,33848,0.05367538221110106,0.05503551911235551
NY,6,6,626394,513558,0.8067004168764786,0.8082245461627441
NY,6,14,150095,121857,0.19329958312352138,0.19177545383725597
NY,7,6,54013,43959,0.06927967759354674,0.06962820291475737
NY,7,7,377066,291646,0.4836430287428637,0.46194833520501666
NY,7,8,123586,101658,0.15851736128480307,0.1610196740578358
NY,7,12,158821,138516,0.2037114708511782,0.2194003538511006
NY,7,14,66151,55560,0.08484846152760836,0.0880034339712896
NY,8,7,17491,10560,0.022487612592343078,0.017269773154333878
NY,8,8,576611,457736,0.7413301003077888,0.7485792504329709
NY,8,9,117631,91353,0.15123436949573543,0.14939825634165368
NY,8,11,66073,51824,0.08494791760413264,0.08475272007104157
NY,9,8,46411,37575,0.0595295204135295,0.06236379961926133
NY,9,9,557672,443210,0.7153034131575234,0.7356023853427229
NY,9,10,146038,99923,0.1873170606569783,0.1658437245337445
NY,9,11,29509,21805,0.03785000577196875,0.03619009050427128
NY,10,7,353686,283912,0.4556734687567236,0.4479463812384823
NY,10,8,16199,14071,0.02087007831915927,0.022200729558478276
NY,10,9,80539,65028,0.10376290127457057,0.10259889430237548
NY,10,10,219397,172909,0.28266143422363027,0.27280974680029285
NY,10,12,106362,97888,0.1370321174259163,0.15444424810037108
NY,11,7,573,478,7.403052951854316e-4,7.836014190070884e-4
NY,11,10,102778,81031,0.13278725589627974,0.13283683385682718
NY,11,11,670654,528495,0.8664724388085349,0.8663795647241658
NY,12,10,305478,266714,0.39248935833968257,0.3903076493064244
NY,12,12,472797,416596,0.607466957211082,0.6096440586938039
NY,12,13,34,33,4.36844492354579e-5,4.8291999771710544e-5
NY,13,10,30112,27445,0.03877963656969182,0.0434447430990214
NY,13,12,1302,1275,0.0016767762624116216,0.0020182928566679645
NY,13,13,683446,556921,0.880173601720563,0.88159190276735655
NY,13,15,60809,45329,0.07831266339553633,0.07175466423521738
NY,13,16,821,752,0.0010573220517971899,0.0011903970417367132
NY,14,12,72406,63262,0.09329491894064924,0.10319711722763168
NY,14,14,447239,354198,0.57626614164706,0.577790972903049
NY,14,15,212243,158499,0.2734744838924981,0.2585539483965476
NY,14,16,44210,37062,0.0569644555197926,0.06045796147277173
NY,15,13,52868,39804,0.06783505974766507,0.06770493141737427
NY,15,14,86540,67856,0.11103968507533736,0.1154202046592641
NY,15,15,494283,364448,0.6342157228806676,0.6199107337252341
NY,15,16,145670,115796,0.18690953229632995,0.19696413019812758
NY,16,16,579624,447681,0.7483132663890086,0.743699384515711
NY,16,17,194950,154284,0.2516867336109913,0.25630061548428895
NY,17,17,568862,420008,0.7316327213050658,0.717066366642708
NY,17,18,196256,155337,0.25241150112408106,0.26520194423720106
NY,17,19,12406,10386,0.01595577757085312,0.017731689120090963
NY,18,18,552201,421598,0.7109524067021499,0.6968838433260163
NY,18,19,224505,183378,0.2890475932978501,0.3031161566739838
NY,19,19,332726,272221,0.427940105928443,0.42825881072169103
NY,19,22,300959,243483,0.38708254341445597,0.3830481116848057
NY,19,23,143821,119942,0.18497735065710103,0.1886930775935033
NY,20,20,683710,549880,0.8788746661044967,0.8798558641590103
NY,20,21,94228,75086,0.12112533389550324,0.12014413584098975
NY,21,19,129036,103889,0.1665068732668438,0.16750805784557637
NY,21,20,62442,49241,0.08057458523612217,0.07939497229133041
NY,21,21,532236,426526,0.6867924625689875,0.6877199884553928
NY,21,22,51245,40547,0.06612607892804652,0.06537698140770039
NY,22,22,300141,237322,0.3864524494081686,0.38582167684374125
NY,22,24,476516,377786,0.6135475505918314,0.6141783231562588
NY,23,23,446785,352834,0.5756166377860948,0.5714984515309759
NY,23,26,47588,37738,0.06131012580763607,0.0611256527542016
NY,23,27,281812,226812,0.36307323640626915,0.36737589571482254
NY,24,21,78715,61572,0.1013471321137086,0.09963235770042331
NY,24,22,44306,34644,0.05704485848224575,0.056058978109749
NY,24,23,102739,81741,0.13227851116344164,0.13226870250747583
NY,24,24,240750,191106,0.30997042566696753,0.30923701277686444
NY,24,27,310177,248929,0.3993590725736365,0.40280294890548746
NY,25,25,733041,584249,0.9434453520862104,0.9437207131100275
NY,25,27,43942,34842,0.05655464791378962,0.05627928688997256
NY,26,26,694863,553343,0.891778364143185,0.8900611396980171
NY,26,27,84325,68348,0.10822163585681505,0.10993886030198281
NC,1,1,391754,311045,0.5254218420357324,0.5290780745024664
NC,1,2,189449,147538,0.2540896648198294,0.2509576458581391
NC,1,3,164396,129317,0.22048849314443822,0.21996427963939447
NC,2,2,208595,154070,0.2795400210129079,0.2682613419509409
NC,2,4,537613,420258,0.720459978987092,0.731738658049059
NC,3,3,591322,467469,0.7928141239817015,0.7988997523673781
NC,3,7,154530,117672,0.20718587601829855,0.20110024763262188
NC,4,1,347662,276298,0.4666397327366707,0.4665470037266619
NC,4,4,186859,150989,0.25080634012184694,0.2549546704850739
NC,4,6,210512,164932,0.2825539271414823,0.2784983257882641
NC,5,5,619868,494591,0.8296677410028803,0.8293413776103936
NC,5,11,84548,67991,0.11316400937991884,0.11400884691615551
NC,5,13,42712,33784,0.0571682496172008,0.05664977547345087
NC,6,5,91141,70039,0.12212839286479997,0.11968775472887876
NC,6,6,301024,233802,0.403370352900819,0.3995379207458889
NC,6,13,354107,281340,0.47450125423438105,0.4807743245252324
NC,7,7,480195,393371,0.6430362016278279,0.6613822799026853
NC,7,8,47250,35495,0.06327317137186948,0.0596784308582631
NC,7,9,219317,165905,0.29369062700030263,0.27893928923905165
NC,8,8,227850,176733,0.3054744070498425,0.309988827050815
NC,8,9,296041,219222,0.39689685730718643,0.3845143275094847
NC,8,13,221998,174172,0.297628735642971,0.3054968454397003
NC,9,2,57953,39186,0.07807988661150835,0.06896891593874357
NC,9,6,283741,221495,0.3822833176373266,0.3898399947902825
NC,9,8,356736,273017,0.48062924145847563,0.48052076054835796
NC,9,9,43797,34471,0.05900755429268943,0.060670328722615983
NC,10,5,49749,39762,0.06680892665776758,0.06798352474109941
NC,10,10,419654,330653,0.5635617461182898,0.5653376692877305
NC,10,11,98577,78709,0.13238102400335192,0.1345735941061112
NC,10,13,176666,135753,0.23724830322059073,0.2321052118650588
NC,11,10,160082,133199,0.21475409836065573,0.21849261925734917
NC,11,11,585338,476428,0.7852459016393443,0.7815073807426508
NC,12,8,180016,133222,0.24077898453801294,0.23532258776771914
NC,12,9,31796,25120,0.042528489647423895,0.04437182601015677
NC,12,12,535828,407783,0.7166925258145631,0.720305586222124
NC,13,2,454676,336195,0.610000402484672,0.6008396152567635
NC,13,4,150489,116297,0.20189838603646512,0.20784320033169987
NC,13,7,140205,107050,0.18810121147886286,0.19131718441153658
NC,14,9,177777,135722,0.23851735176603492,0.23371090669265712
NC,14,10,197484,153604,0.2649575631052591,0.2645033974714409
NC,14,12,370081,291400,0.496525085128706,0.5017856958359019
ND,1,1,779094,596093,1,1
OH,1,1,546030,417469,0.6946778640210988,0.6875675266153684
OH,1,2,239989,189699,0.3053221359789013,0.3124324733846316
OH,2,2,430053,331597,0.547066051992856,0.5442931593417867
OH,2,6,178193,138603,0.22667750487210409,0.22750707866551767
OH,2,15,177862,139025,0.22625644313503998,0.22819976199269565
OH,3,3,537881,413104,0.6838049834731756,0.6709021931192184
OH,3,12,162382,131625,0.20643529112636663,0.21376578578110383
OH,3,15,86337,71015,0.10975972540045767,0.11533202109967779
OH,4,4,369376,283204,0.4698938026979305,0.47205308522004663
OH,4,5,31696,24407,0.04032139058930089,0.04068233376282001
OH,4,7,100790,77992,0.1282178494919118,0.12999944994591134
OH,4,12,284222,214338,0.3615669572208568,0.357265131071222
OH,5,4,244069,193833,0.31081377076069266,0.31710349588800857
OH,5,5,295400,229545,0.37618209556604326,0.37552698438146714
OH,5,7,120692,93136,0.15369725618841196,0.1523669921686481
OH,5,8,17846,12691,0.02272628868473801,0.02076199855708118
OH,5,9,107251,82056,0.1365805888001141,0.134240529004795
OH,6,6,428478,343313,0.545162373849184,0.5465688303583369
OH,6,7,144304,114054,0.18360128453720526,0.18157879654335768
OH,6,13,203405,162867,0.25879684056776137,0.259291159070502
OH,6,16,9777,7890,0.012439501045849429,0.012561214027803427
OH,7,7,71148,54676,0.09075011575269866,0.08790014533201292
OH,7,9,113277,90788,0.14448615368131848,0.1459557830566023
OH,7,11,37741,30838,0.048139092014147976,0.04957686520134271
OH,7,14,50308,39124,0.0641684491944505,0.06289789461499878
OH,7,16,511525,406598,0.6524561893573844,0.6536693117950433
OH,8,1,222492,171462,0.2825528456317029,0.2836830384471571
OH,8,2,64465,49149,0.08186707474267717,0.08131677955838217
OH,8,8,500478,383803,0.6355800796256199,0.6350001819944607
OH,9,4,69794,54639,0.0885628615623172,0.08889087729287835
OH,9,5,403641,314276,0.5121873227480196,0.5112880790661731
OH,9,9,314638,245760,0.3992498156896633,0.39982104364094845
OH,10,8,81295,62816,0.10335380195023965,0.10197286719144426
OH,10,10,705275,553191,0.8966461980497603,0.8980271328085557
OH,11,9,169754,135181,0.2155967730464027,0.2170079832276769
OH,11,11,560468,441095,0.7118247122057284,0.7080960812674277
OH,11,14,57146,46655,0.07257851474786885,0.0748959355048954
OH,12,6,80655,62622,0.10232899810071899,0.10355690569544791
OH,12,7,154590,114953,0.19613216559903476,0.19009576475374187
OH,12,12,286335,219417,0.36328031332427463,0.36284605373475926
OH,12,15,266613,207719,0.33825852297597164,0.343501275816051
OH,13,7,143946,111619,0.18292027402587005,0.17955944642044183
OH,13,11,94152,72699,0.11964423909024022,0.11694955334951668
OH,13,13,224922,181109,0.2858210292362882,0.291346740086901
OH,13,14,136095,107351,0.17294356698727845,0.17269359278152333
OH,13,16,187818,148849,0.23867089066032304,0.2394506673616172
OH,14,13,272275,221672,0.34592789098014703,0.3520665278552041
OH,14,14,484217,383492,0.6152021507179647,0.6090742037796741
OH,14,16,30594,24467,0.03886995830188823,0.038859268365121796
OH,15,3,271157,201380,0.34421357828165505,0.3355891474289219
OH,15,4,32655,24660,0.04145308584616088,0.04109458921242037
OH,15,8,146239,112955,0.1856394984246431,0.18823354924934885
OH,15,10,25010,19201,0.03174832880148472,0.0319974536686003
OH,15,12,80875,61177,0.10266477776169838,0.10194824348127497
OH,15,15,231822,180706,0.2942807308843579,0.3011370169594337
OK,1,1,758223,571875,0.9594856745870554,0.9583801176450872
OK,1,3,32016,24835,0.04051432541294469,0.04161988235491277
OK,2,1,70429,54137,0.08886581235836534,0.08877974384624215
OK,2,2,722103,555653,0.9111341876416347,0.9112202561537579
OK,3,3,597770,455456,0.7470294777779444,0.7571801913831053
OK,3,4,21541,16011,0.026919654684602272,0.026617745828872382
OK,3,5,180885,130049,0.22605086753745332,0.21620206278802226
OK,4,4,763110,584210,0.9616140690447748,0.9624990938626493
OK,4,5,30462,22762,0.03838593095522524,0.03750090613735065
OK,5,3,155405,114341,0.19852097688595247,0.19194070940558325
OK,5,4,13901,10420,0.01775773044426901,0.017491732554430848
OK,5,5,613508,470949,0.7837212926697785,0.7905675580399859
OR,1,1,575913,451174,0.8154993776629864,0.7985225066414636
OR,1,3,102906,91442,0.145716069888659,0.16184109689899842
OR,1,5,27390,22395,0.03878455244835453,0.039636396459537954
OR,2,2,649114,511380,0.919152828695188,0.9152296664847113
OR,2,4,57095,47365,0.08084717130481203,0.08477033351528873
OR,2,5,0,0,0,0
OR,3,2,23977,18372,0.03395170551493963,0.03264380723593733
OR,3,3,679374,542099,0.9620013338827458,0.9632144164377525
OR,3,5,2858,2331,0.004046960602314612,0.004141776326310141
OR,4,4,644540,530094,0.9126772848792424,0.9120226279142989
OR,4,5,61668,51135,0.08732271512075762,0.08797737208570117
OR,5,2,173982,138139,0.24636049668016125,0.2477967384733501
OR,5,3,79386,63963,0.11241148158689566,0.1147382186274035
OR,5,4,127553,99509,0.18061650304654855,0.17850140545931703
OR,5,5,325288,255858,0.46061151868639455,0.4589636374399294
OR,6,1,285843,224291,0.4047552293079132,0.4112443068889394
OR,6,4,0,0,0,0
OR,6,5,420369,321105,0.5952447706920868,0.5887556931110606
PA,1,1,713873,569370,0.9326101923426137,0.9344075045377114
PA,1,4,51584,39968,0.06738980765738638,0.06559249546228858
PA,2,2,733054,562838,0.9584096539912272,0.9497916775651335
PA,2,3,31811,29753,0.04159034600877279,0.050208322434866545
PA,3,3,720265,593624,0.9416902874236466,0.9432110142762944
PA,3,5,44599,35741,0.058309712576353444,0.05678898572370564
PA,4,1,18773,14725,0.024500156608895384,0.024288018790431923
PA,4,4,624234,492647,0.8146716433493423,0.8125921625161233
PA,4,9,123233,98894,0.16082820004176238,0.1631198186934448
PA,5,4,78766,60496,0.1029380053556096,0.10172506856386655
PA,5,5,686413,534205,0.8970619946443904,0.8982749314361335
PA,6,6,752942,578641,0.9861741615564154,0.9859143170650255
PA,6,9,10556,8267,0.013825838443584659,0.014085682934974477
PA,7,7,695579,550325,0.9059365642920496,0.9043158043493265
PA,7,8,7473,5939,0.009732990709832365,0.009759199676610457
PA,7,9,64749,52290,0.084330444998118,0.08592499597406311
PA,8,7,50203,40386,0.06593390717796101,0.06589469184368407
PA,8,8,703907,566419,0.9244734139377526,0.924181782286131
PA,8,9,7304,6082,0.00959267888428634,0.00992352587018488
PA,9,8,1706,1390,0.002237309563121375,0.00228388154705864
PA,9,9,500393,400208,0.6562333201752603,0.6575738605649238
PA,9,12,260424,207015,0.34152937026161834,0.3401422578880175
PA,10,10,735826,577849,0.9617131953157675,0.9615543977648835
PA,10,11,8748,6771,0.011433500627352572,0.011267104083014812
PA,10,13,20546,16333,0.026853304056879967,0.027178498152101747
PA,11,10,23660,18802,0.03098874529635116,0.03182135899983245
PA,11,11,739843,572059,0.9690112547036488,0.9681786410001676
PA,12,14,111232,89173,0.1454343863833081,0.14162402365773785
PA,12,18,653594,540473,0.8545656136166919,0.8583759763422621
PA,13,12,115494,90317,0.15078096849493192,0.14826604066288548
PA,13,13,562463,446872,0.7343127425023369,0.7335932562319935
PA,13,15,88015,71966,0.11490628900273117,0.11814070310512102
PA,14,13,111804,92007,0.14620960581051232,0.1473453432004497
PA,14,14,578357,471061,0.7563356318892926,0.7543843915500672
PA,14,15,74522,61363,0.09745476230019498,0.09827026524948312
PA,15,12,310864,253577,0.4055428432771761,0.4069035458056731
PA,15,15,455674,369610,0.594457156722824,0.5930964541943269
PA,16,15,56114,45141,0.07334990810673736,0.07396926263422404
PA,16,16,688028,548756,0.8993618450807693,0.8992064129307336
PA,16,17,20876,16370,0.0272882468124933,0.026824324435042367
PA,17,17,716180,575500,0.935939539910533,0.934518735030244
PA,17,18,49019,40325,0.06406046008946692,0.06548126496975602
RI,1,1,546903,439942,0.9979508271505366,0.9981327918505326
RI,1,2,1123,823,0.0020491728494633466,0.0018672081494674033
RI,2,1,7404,5319,0.013477672826033535,0.011903882693379346
RI,2,2,541949,441510,0.9865223271739665,0.9880961173066206
SC,1,1,671287,522544,0.923287147450974,0.9207758888043079
SC,1,6,55775,44960,0.07671285254902609,0.07922411119569202
SC,2,2,711407,548105,0.9705402857567725,0.9709239193012104
SC,2,6,21594,16414,0.0294597142432275,0.02907608069878959
SC,3,3,694955,549165,0.9499812725378856,0.9508115829113102
SC,3,4,4822,3462,0.006591519877082234,0.005994026749772756
SC,3,5,31769,24948,0.04342720758503225,0.043194390338917026
SC,4,3,16923,12246,0.023138545510728394,0.021653104743313636
SC,4,4,714454,553308,0.9768614544892716,0.9783468952566864
SC,5,4,35997,27467,0.049218926254332655,0.04880185207888037
SC,5,5,695368,535360,0.9507810737456673,0.9511981479211197
SC,6,1,139441,112388,0.19034105257410402,0.19129514170798503
SC,6,2,15230,12629,0.020789396452288812,0.021495767738816805
SC,6,5,9164,7098,0.012509128633537404,0.012081475921301899
SC,6,6,568750,455396,0.7763604223400697,0.7751276146318963
SC,7,6,3190,2421,0.004360967834102768,0.004110565903186919
SC,7,7,728299,586549,0.9956390321658972,0.9958894340968131
SD,1,1,886667,669255,1,1
TN,1,1,728569,584810,0.9455893117644311,0.9453506773981316
TN,1,2,41923,33807,0.05441068823556896,0.05464932260186836
TN,2,2,730164,579977,0.9540449607034828,0.9546585067561228
TN,2,3,35171,27546,0.04595503929651721,0.045341493243877186
TN,3,3,689651,545914,0.8980555721946303,0.8992974161717829
TN,3,4,78287,61131,0.1019444278053697,0.10070258382821702
TN,4,4,635963,485897,0.8276920754284792,0.8265916112086447
TN,4,6,57889,44600,0.0753412801601339,0.07587201785544169
TN,4,7,74505,57335,0.09696664441138689,0.09753637093591366
TN,5,4,107671,82705,0.14235115868298306,0.14410620351026368
TN,5,5,334429,260843,0.44214649856685034,0.45449603339855765
TN,5,6,106015,81107,0.14016177139412145,0.14132182876618046
TN,5,7,208261,149262,0.2753405713560451,0.2600759343249982
TN,6,3,15817,11960,0.020056859681869828,0.019326950268654306
TN,6,4,5573,4349,0.00706688240545366,0.0070278350098977906
TN,6,5,203750,162765,0.25836664096737544,0.2630226639195249
TN,6,6,563468,439751,0.7145096169453011,0.710622550801923
TN,7,5,259009,212722,0.3416955690616627,0.36024413457207016
TN,7,6,86886,66511,0.11462366641117346,0.11263619952107896
TN,7,7,412116,311261,0.5436807645271639,0.5271196659068509
TN,8,7,128715,101820,0.16936184210526317,0.17225686608221366
TN,8,8,626599,485542,0.8244723684210526,0.8214294173177193
TN,8,9,4686,3732,0.00616578947368421,0.006313716600066995
TN,9,8,89704,69593,0.11563921657602005,0.11812922872186934
TN,9,9,686019,519533,0.88436078342398,0.8818707712781306
TX,1,1,555174,422805,0.7309681963910705,0.7295351252859957
TX,1,4,204331,156749,0.2690318036089295,0.2704648747140042
TX,2,2,263340,193268,0.34240109842958893,0.345458867858426
TX,2,8,390429,283947,0.5076453195821599,0.5075439759908339
TX,2,18,41090,30209,0.05342622136580774,0.053997386733112523
TX,2,36,74239,52029,0.09652736062244344,0.09299976941762758
TX,3,3,560426,409852,0.7304289572189725,0.7323415158868285
TX,3,4,141864,104412,0.18489786981137976,0.18656793758911883
TX,3,32,64966,45382,0.08467317296964767,0.0810905465240527
TX,4,3,294879,223348,0.38233162402027837,0.38456028705827255
TX,4,4,426913,323327,0.5535231081405224,0.5567039952616101
TX,4,26,49473,34113,0.06414526783919924,0.05873571768011736
TX,5,1,16141,13321,0.021103760263584542,0.023284797846492684
TX,5,4,14148,10501,0.018497986506981853,0.018355503504693317
TX,5,5,477221,354836,0.6239487997489671,0.6202450663357164
TX,5,32,257330,193432,0.3364494534804665,0.3381146323130976
TX,6,5,108334,85268,0.1408162177689909,0.1485419827779936
TX,6,6,358697,262534,0.4662465603142479,0.45735001297834793
TX,6,17,12336,9525,0.01603475236212336,0.016593122695036697
TX,6,24,65772,52182,0.08549268258443397,0.09090418146691914
TX,6,25,83796,63052,0.10892089080224455,0.1098403750307038
TX,6,33,140394,101472,0.18248889616795935,0.17677032505099882
TX,7,2,98941,87140,0.12840708814498147,0.14575489292518395
TX,7,7,262258,203220,0.3403622979626904,0.3399163339483117
TX,7,9,257960,194528,0.3347842902121408,0.3253776429991988
TX,7,18,8179,7585,0.010614826754710418,0.012687065215027774
TX,7,22,143188,105380,0.18583149692547687,0.17626406491227778
TX,8,2,14333,10401,0.01900033803713106,0.018691269680104518
TX,8,7,231040,167313,0.30627489709752037,0.3006722818947531
TX,8,8,312883,236406,0.41476890853775744,0.42483687145416676
TX,8,10,145976,101679,0.19351101271947557,0.18272373904464448
TX,8,36,50123,40664,0.06644484360811555,0.07307583792633113
TX,9,2,4379,3639,0.0057209149805927855,0.006444255156378112
TX,9,7,51091,38627,0.06674749195557571,0.06840402416197235
TX,9,9,505594,375097,0.6605298672523017,0.6642541292640728
TX,9,14,6806,4712,0.008891652742159055,0.008344416129940552
TX,9,18,27980,20034,0.03655428206371001,0.035477935642450976
TX,9,22,133111,95902,0.1739019671115977,0.16983153558861602
TX,9,29,36476,26678,0.04765382389406313,0.04724370405656919
TX,10,8,42723,33746,0.05522878520717096,0.05663287311222358
TX,10,10,286076,217658,0.36981555501548674,0.36527582219701177
TX,10,17,277823,219665,0.3591467545025363,0.36864398957495975
TX,10,21,601,376,7.769234349064847e-4,6.310069427545803e-4
TX,10,25,117248,88360,0.15156858385343683,0.14828663154732635
TX,10,31,49093,36068,0.06346339798646265,0.060529676625723935
TX,11,11,570685,427190,0.7425669785174294,0.7506980847261346
TX,11,25,67519,47208,0.08785473566419008,0.08295829767492537
TX,11,31,130326,94659,0.16957828581838055,0.16634361759894
TX,12,6,32465,22953,0.04245289187033332,0.039644678116925285
TX,12,12,718405,546030,0.939423064349509,0.943109118293239
TX,12,24,9198,6679,0.012027774508650111,0.011536043442815492
TX,12,26,71,52,9.284322571365057e-5,8.981498113885396e-5
TX,12,33,4591,3254,0.006003426045793941,0.005620345165881361
TX,13,13,627197,474895,0.8210448736158219,0.8145586088722473
TX,13,26,136704,108114,0.17895512638417804,0.18544139112775274
TX,14,14,682954,521442,0.8895386851654549,0.8899572977788701
TX,14,36,84808,64476,0.11046131483454508,0.11004270222112993
TX,15,15,527747,380908,0.6875797186607134,0.6900532248305248
TX,15,28,186725,132972,0.24327627246942515,0.24089217714556937
TX,15,34,53071,38118,0.06914400886986136,0.06905459802390589
TX,16,16,702516,528403,0.9376331341992729,0.9397372876533022
TX,16,23,46728,33885,0.06236686580072713,0.06026271234669778
TX,17,1,151048,115061,0.19680880172407053,0.19471337310149342
TX,17,8,106495,89366,0.138758231420508,0.15123069763506367
TX,17,10,2964,2388,0.0038619596969847007,0.004041121969793121
TX,17,17,419644,318248,0.5467774004998137,0.5385590387951094
TX,17,31,87335,65862,0.11379360665862309,0.11145576849854043
TX,18,2,151002,110729,0.19636840305186268,0.19165456518616086
TX,18,18,613019,463449,0.7971918389852439,0.8021576694539015
TX,18,29,4952,3575,0.006439757962893366,0.006187765359937552
TX,19,11,48886,36065,0.06356888731691078,0.06215820741693137
TX,19,13,9090,6829,0.011820177263648469,0.01176981556773116
TX,19,19,711048,537319,0.9246109354194407,0.9260719770153375
TX,20,20,637239,480804,0.8308081631163047,0.8366173655820428
TX,20,21,20470,16571,0.02668801360084797,0.02883417435183574
TX,20,23,102433,72199,0.13354828027238203,0.12562902383852445
TX,20,35,6869,5126,0.0089555430104653,0.008919436227597007
TX,21,20,12096,9555,0.01587534911068646,0.015927734261048147
TX,21,21,602530,478527,0.79078820268369,0.7976819353989102
TX,21,23,4466,3738,0.005861384683227988,0.006231069666959495
TX,21,25,63811,48317,0.08374850381134373,0.08054215973742158
TX,21,28,9476,7706,0.012436740093656161,0.012845538484106439
TX,21,35,69557,52054,0.09128981961739568,0.08677156245155418
TX,22,7,27610,20584,0.036184969280127495,0.03714383672880163
TX,22,9,7284,5993,0.009546226593134685,0.010814371041377195
TX,22,10,54111,41091,0.07091651114512781,0.07414872692495082
TX,22,14,12915,9516,0.01692607309861813,0.017171626035332118
TX,22,22,583279,418525,0.764430738744784,0.7552285399787069
TX,22,27,77825,58461,0.10199548113820797,0.10549289929083133
TX,23,16,54846,39078,0.06968960767670812,0.06721940311344285
TX,23,20,93151,71472,0.11836153310529553,0.12294142943149566
TX,23,21,2105,1727,0.002674700509781399,0.0029706717123935667
TX,23,23,635454,467793,0.8074342697114627,0.8046667240044724
TX,23,28,1448,1280,0.0018398889967522402,0.0022017717381955793
TX,24,5,18485,13291,0.02405754549264283,0.022823358095414723
TX,24,12,65587,49523,0.08535906065598946,0.08504109269123643
TX,24,24,374811,289053,0.48780268778160407,0.49636296197080065
TX,24,26,176455,127866,0.22964967216144389,0.21957200408007665
TX,24,32,132996,102585,0.1730893870889654,0.17615937026695652
TX,24,33,32,24,4.1646819354318125e-5,4.121289551500664e-5
TX,25,6,346565,265390,0.4530764856225855,0.45390408135690624
TX,25,11,160123,125523,0.20933437048560952,0.21468556465640357
TX,25,12,50048,36345,0.0654294921657962,0.062161889434103605
TX,25,13,8472,6649,0.01107574044174843,0.011371974215087491
TX,25,19,20376,15826,0.026638253923638573,0.02706765888524209
TX,25,25,170313,128496,0.22265611211703262,0.21977037129521468
TX,25,33,9018,6454,0.011789545243589158,0.011038460157042363
TX,26,12,27459,20458,0.03557819259827441,0.03569129420631445
TX,26,13,62711,47350,0.0812536522098542,0.08260742891137889
TX,26,24,101220,79792,0.13114915527868223,0.1392061661604381
TX,26,26,580403,425593,0.7520189999131892,0.7424951107218686
TX,27,27,661872,503865,0.865505549068094,0.8634079136086583
TX,27,34,83678,65176,0.10942262753964507,0.11168363386493985
TX,27,35,19173,14536,0.025071823392260988,0.02490845252640183
TX,28,15,89644,65752,0.11680913165850099,0.118891297783355
TX,28,20,10283,7767,0.013399093088710519,0.014044115918653703
TX,28,23,45597,32369,0.059414416762222456,0.05852890281587508
TX,28,28,477112,339964,0.6216929010736996,0.6147153114676436
TX,28,35,144804,107191,0.18868445741686646,0.19382037201447266
TX,29,18,106640,76056,0.13931819785169874,0.13914456171548692
TX,29,22,9019,6728,0.011782734681399766,0.01230888570555638
TX,29,29,649769,463804,0.8488807773809119,0.8485300870659737
TX,29,36,14,9,1.8290085989532846e-5,1.646551298305699e-5
TX,30,5,14977,9610,0.019476221376378597,0.016579055873661038
TX,30,6,52650,37687,0.06846651902693017,0.06501715699382556
TX,30,30,655418,489574,0.8523112814357553,0.8446071488336867
TX,30,32,45944,42776,0.059745978160935985,0.0737966382988267
TX,30,33,0,0,0,0
TX,31,25,158680,122536,0.207397996860537,0.21402210155116072
TX,31,31,606419,450003,0.792602003139463,0.7859778984488393
TX,32,3,77703,62054,0.10065820410415714,0.10381662531557048
TX,32,5,164099,120511,0.21257751483582465,0.2016154532085718
TX,32,24,115830,95744,0.15004877265207936,0.16018014913162698
TX,32,30,125887,90981,0.16307683538679368,0.15221162838553387
TX,32,32,288430,228437,0.3736386730211452,0.38217614395869687
TX,33,6,34601,26383,0.045421190604648845,0.04784139786896067
TX,33,12,3025,2449,0.0039709575324141716,0.004440874175836132
TX,33,24,155883,118493,0.20462967703316307,0.21486831511529228
TX,33,30,1671,1190,0.00219354381377325,0.0021578767943017546
TX,33,33,566601,402953,0.7437846310160007,0.7306915360456092
TX,34,15,190311,128174,0.24863831683026028,0.23670000590946697
TX,34,34,575102,413330,0.7513616831697397,0.7632999940905331
TX,35,10,58265,42628,0.0757054057284818,0.07275383541467194
TX,35,20,19333,14200,0.025119928069145092,0.024235349134098284
TX,35,21,41028,34408,0.05330887129886127,0.05872464035253899
TX,35,25,35219,29203,0.04576106898397667,0.049841190194582545
TX,35,28,106515,77656,0.13839803125665906,0.13253663889841805
TX,35,35,509268,387826,0.6617066946628761,0.6619083460056902
TX,36,14,72011,54673,0.09324757593336924,0.09400301577176419
TX,36,22,103672,78639,0.13424563875191647,0.1352093932521677
TX,36,29,26058,18664,0.03374269672233042,0.03209028746116377
TX,36,36,570515,429633,0.7387640885923838,0.7386973035149044
TX,37,10,197312,159572,0.25704619385028654,0.2560386628457369
TX,37,17,95803,77075,0.12480638029840557,0.12366944037071148
TX,37,21,181131,153933,0.2359665612750175,0.24699069691319794
TX,37,25,149879,118096,0.1952533372936623,0.18948902017540764
TX,37,31,60599,48264,0.07894472865884242,0.07744121790531325
TX,37,35,82889,66294,0.10798279862378568,0.10637096178963279
TX,38,2,282709,214915,0.3677491528510384,0.37122923748721776
TX,38,7,228912,179141,0.29776977060311804,0.3094357156675787
TX,38,8,63856,45167,0.08306417519235647,0.07801833734074012
TX,38,10,193278,139705,0.25141690135348715,0.24131670950446343
UT,1,1,727207,508933,0.8867631870001182,0.8673777032427835
UT,1,2,73461,63202,0.08957904761672493,0.107715564917878
UT,1,4,19401,14614,0.023657765383156785,0.024906731839338458
UT,2,2,711632,513185,0.87231291041053,0.8664113953649349
UT,2,4,104167,79126,0.12768708958946995,0.13358860463506503
UT,3,1,72890,50688,0.08922603848140685,0.08562263405141615
UT,3,3,669489,483782,0.8195342471790176,0.8172089872684305
UT,3,4,74535,57523,0.09123971433957552,0.09716837868015331
UT,4,2,16543,12229,0.02020311809231175,0.022114004028947663
UT,4,3,117225,75530,0.14316088486799522,0.1365827724512566
UT,4,4,685066,465239,0.836635997039693,0.8413032235197957
VT,1,1,643077,524482,1,1
VA,1,1,319640,256040,0.40653839501022576,0.4180982116030255
VA,1,2,115713,90917,0.1471711215799595,0.14846209617369266
VA,1,4,3383,2701,0.004302713647602283,0.004410573619511685
VA,1,7,347512,262734,0.44198776976221243,0.42902911860377013
VA,2,2,505165,395015,0.6403620857069697,0.6449098140118071
VA,2,3,123374,95363,0.1563925290984365,0.1556916435922888
VA,2,4,160335,122134,0.20324538519459381,0.19939854239590407
VA,3,2,129969,105362,0.16729137008271314,0.17230146296471943
VA,3,3,633824,496456,0.8158352018658724,0.8118685588505604
VA,3,4,13109,9680,0.016873428051414466,0.015829978184720147
VA,4,4,612534,492963,0.7806252556804062,0.785419418363624
VA,4,5,15849,13337,0.02019827418115363,0.02124934078767707
VA,4,7,156288,121343,0.1991764701384402,0.19333124084869902
VA,5,1,16799,13418,0.02130311830275055,0.021162101889732485
VA,5,5,512032,412171,0.6493171183281129,0.650052518854742
VA,5,6,138176,110958,0.1752235058396845,0.17499660914301216
VA,5,7,121563,97511,0.15415625752945206,0.15378877011251338
VA,6,6,583681,465299,0.7453428918764302,0.7473374140110406
VA,6,9,65101,52754,0.08313199779339653,0.08473054517361618
VA,6,10,134322,104556,0.17152511033017326,0.1679320408153432
VA,7,1,350552,260246,0.4473820228877576,0.44475167863228
VA,7,5,34389,26814,0.04388798348058803,0.04582422596637779
VA,7,7,186641,142595,0.23819526955713835,0.243690068683361
VA,7,11,211981,155494,0.270534724074516,0.26573402671798124
VA,8,8,718850,569433,0.908906997768351,0.9110563577456902
VA,8,10,13711,10414,0.01733605598720437,0.016661733530658775
VA,8,11,58334,45178,0.07375694624444458,0.07228190872365105
VA,9,5,113276,91813,0.14401059776424804,0.14333262041435685
VA,9,6,41544,32769,0.05281592105580989,0.051156880162483084
VA,9,9,631761,515977,0.803173481179942,0.8055104994231601
VA,10,1,143581,104661,0.18300924344469993,0.18227907624786652
VA,10,5,63558,49589,0.08101142557064123,0.08636490299209307
VA,10,10,577417,419930,0.7359793309846588,0.7313560207600404
VA,11,8,77977,60342,0.10030112074543142,0.10066580028660609
VA,11,10,161395,122074,0.20760095134089415,0.20365047403445613
VA,11,11,538057,417013,0.6920979279136744,0.6956837256789378
WA,1,1,487225,371438,0.6297231660835477,0.6241270844115255
WA,1,2,217680,167390,0.28134463295821577,0.2812653327329063
WA,1,9,68808,56304,0.08893220095823645,0.09460758285556818
WA,2,1,173179,133065,0.2261020219784237,0.2168849669452739
WA,2,2,544576,440706,0.7109969148737553,0.7183144045585531
WA,2,7,48178,39757,0.06290106314782103,0.06480062849617295
WA,3,3,750015,578903,0.9756216536846541,0.9754857604081887
WA,3,10,18741,14548,0.02437834631534583,0.024514239591811288
WA,4,3,22735,18296,0.029586992394704924,0.03284686602909468
WA,4,4,728016,525450,0.9474292436869804,0.9433420285848164
WA,4,8,17661,13263,0.022983763918314654,0.023811105386088913
WA,5,4,23827,17631,0.030743127729715432,0.028898162292577707
WA,5,5,751208,592477,0.9692568722702846,0.9711018377074223
WA,6,6,711277,577083,0.9211225289276533,0.9245443228807029
WA,6,8,6636,5223,0.008593795528273666,0.008367765119412477
WA,6,9,23797,18789,0.03081774445243044,0.03010184545828854
WA,6,10,30475,23086,0.039465931091642543,0.036986066541596106
WA,7,7,750434,636646,0.9745858133020261,0.974673486540649
WA,7,9,19569,16543,0.025414186697973903,0.02532651345935097
WA,8,1,129336,98577,0.16714439685809473,0.1687084120594759
WA,8,2,2110,1653,0.0027268098392603753,0.0028290068183685203
WA,8,8,613551,462410,0.7929084851602097,0.791385990854076
WA,8,9,9671,7646,0.012498093817766395,0.013085654043100851
WA,8,10,19130,14018,0.02472221432466871,0.02399093622497878
WA,9,7,778,776,0.00101266745458616,0.0012882426278821523
WA,9,8,115916,88742,0.1508796409586238,0.14732116917979118
WA,9,9,651574,512853,0.84810769158679,0.8513905881923266
WA,10,6,25521,19953,0.03317957611892176,0.033737673651034125
WA,10,8,26730,19704,0.034751383944938624,0.03331665020898995
WA,10,10,716927,551759,0.9320690399361397,0.9329456761399759
WV,1,1,7408,6276,0.008267238945302081,0.008769257854745544
WV,1,2,318068,253478,0.3549600643701866,0.3541768550836824
WV,1,3,570591,455928,0.6367726966845113,0.6370538870615721
WV,2,1,594636,480035,0.6624370995790114,0.6692715231788079
WV,2,2,303013,237215,0.33756290042098863,0.33072847682119205
WI,1,1,631111,491661,0.8571546926058624,0.8549035223010675
WI,1,2,45204,34277,0.061394621111904885,0.05960108292891584
WI,1,4,48160,38951,0.06540936538247366,0.06772826621828634
WI,1,5,11811,10218,0.01604132089975906,0.017767128551730373
WI,2,2,736822,584598,1,1
WI,3,2,7365,5629,0.009993771702360647,0.00969632869331248
WI,3,3,729594,574900,0.9900062282976394,0.9903036713066875
WI,4,4,647235,487199,0.8789236754730817,0.8733653496247139
WI,4,5,87468,69321,0.118778644613285,0.12426659209344598
WI,4,6,1692,1321,0.0022976799136333083,0.002368058281840166
WI,5,1,96272,75350,0.13057265233159637,0.1300568556446574
WI,5,4,0,0,0,0
WI,5,5,636365,500356,0.8630948344378047,0.8636327546508056
WI,5,6,4669,3656,0.006332513230598964,0.006310389704537059
WI,6,5,0,0,0,0
WI,6,6,721411,570840,0.9794407470463808,0.9796649670750607
WI,6,8,15143,11849,0.020559252953619152,0.020335032924939375
WI,7,3,4039,3030,0.005483510098130258,0.005222742198205652
WI,7,7,732533,577125,0.9945164899018697,0.9947772578017944
WI,8,8,736824,572019,1,1
WY,1,1,576851,441337,1,1
